"DateTime","IAQ Index
室內空氣指數","PM1超細懸浮微粒","PM2.5細懸浮微粒","PM10懸浮顆粒","CO2二氧化碳","CH2O甲醛","TVOC揮發物質","TEMP溫度","HUMD濕度","Fungi黴菌指數"
,"","μg/m³","μg/m³","μg/m³","ppm","ppm","ppm","℃","%",""
"2022/10/02 00:00","27.00","4.00","3.00","4.00","446.00","0.031","0.106","28.96","66.01","279.00"
"2022/10/02 00:01","27.00","4.00","3.00","4.00","446.00","0.032","0.113","28.97","66.03","278.92"
"2022/10/02 00:02","27.00","5.00","3.00","4.00","446.00","0.033","0.114","28.96","66.07","278.82"
"2022/10/02 00:03","27.00","3.00","3.00","4.00","447.00","0.033","0.116","28.96","66.12","278.72"
"2022/10/02 00:04","28.00","4.00","3.00","4.00","448.00","0.032","0.116","28.96","66.00","278.68"
"2022/10/02 00:05","28.00","3.00","3.00","4.00","450.00","0.035","0.134","28.94","66.14","278.64"
"2022/10/02 00:06","28.00","4.00","3.00","4.00","453.00","0.034","0.123","28.93","66.09","278.69"
"2022/10/02 00:07","28.00","3.00","3.00","4.00","450.00","0.033","0.122","28.94","66.10","278.72"
"2022/10/02 00:08","28.00","3.00","3.00","4.00","453.00","0.035","0.123","28.94","66.06","278.76"
"2022/10/02 00:09","28.00","4.00","3.00","4.00","451.00","0.034","0.125","28.94","66.14","278.75"
"2022/10/02 00:10","28.00","4.00","3.00","4.00","453.00","0.035","0.127","28.91","66.07","278.75"
"2022/10/02 00:11","28.00","4.00","3.00","4.00","455.00","0.037","0.126","28.93","66.06","278.77"
"2022/10/02 00:12","28.00","3.00","3.00","4.00","452.00","0.033","0.119","28.93","66.08","278.81"
"2022/10/02 00:13","28.00","3.00","3.00","4.00","451.00","0.036","0.122","28.93","66.18","278.77"
"2022/10/02 00:14","28.00","3.00","3.00","4.00","453.00","0.037","0.135","28.94","66.15","278.74"
"2022/10/02 00:15","28.00","3.00","3.00","4.00","453.00","0.034","0.123","28.96","66.11","278.81"
"2022/10/02 00:16","28.00","3.00","3.00","4.00","454.00","0.032","0.126","28.94","65.89","278.91"
"2022/10/02 00:17","28.00","4.00","3.00","4.00","457.00","0.038","0.152","28.94","65.89","279.09"
"2022/10/02 00:18","28.00","3.00","3.00","4.00","456.00","0.038","0.148","28.91","66.07","279.15"
"2022/10/02 00:19","28.00","3.00","3.00","4.00","452.00","0.035","0.126","28.91","66.07","279.04"
"2022/10/02 00:20","28.00","3.00","3.00","4.00","451.00","0.035","0.134","28.91","66.10","278.92"
"2022/10/02 00:21","28.00","3.00","3.00","4.00","454.00","0.039","0.165","28.87","66.02","278.73"
"2022/10/02 00:22","28.00","3.00","3.00","4.00","455.00","0.040","0.170","28.83","66.00","278.63"
"2022/10/02 00:23","28.00","3.00","3.00","4.00","455.00","0.039","0.160","28.84","66.02","278.52"
"2022/10/02 00:24","28.00","3.00","3.00","4.00","457.00","0.038","0.154","28.87","66.10","278.41"
"2022/10/02 00:25","28.00","3.00","3.00","4.00","455.00","0.039","0.176","28.86","66.00","278.29"
"2022/10/02 00:26","28.00","4.00","3.00","4.00","455.00","0.041","0.170","28.87","66.07","278.17"
"2022/10/02 00:27","28.00","3.00","3.00","4.00","453.00","0.040","0.155","28.84","66.15","278.00"
"2022/10/02 00:28","28.00","3.00","3.00","4.00","453.00","0.038","0.146","28.84","66.21","277.76"
"2022/10/02 00:29","28.00","4.00","3.00","4.00","454.00","0.038","0.145","28.84","66.21","277.59"
"2022/10/02 00:30","28.00","4.00","3.00","4.00","454.00","0.038","0.146","28.86","66.28","277.40"
"2022/10/02 00:31","28.00","3.00","3.00","4.00","453.00","0.036","0.146","28.83","66.28","277.19"
"2022/10/02 00:32","28.00","3.00","3.00","4.00","453.00","0.034","0.157","28.82","66.10","277.01"
"2022/10/02 00:33","28.00","3.00","3.00","4.00","456.00","0.037","0.164","28.82","66.19","276.88"
"2022/10/02 00:34","28.00","3.00","3.00","4.00","457.00","0.038","0.150","28.80","66.45","276.76"
"2022/10/02 00:35","28.00","3.00","3.00","4.00","454.00","0.034","0.136","28.83","66.40","276.63"
"2022/10/02 00:36","28.00","3.00","3.00","4.00","450.00","0.033","0.129","28.83","66.36","276.40"
"2022/10/02 00:37","28.00","3.00","3.00","4.00","451.00","0.035","0.142","28.82","66.35","276.17"
"2022/10/02 00:38","28.00","3.00","3.00","4.00","451.00","0.038","0.155","28.80","66.30","275.98"
"2022/10/02 00:39","28.00","3.00","3.00","4.00","452.00","0.040","0.154","28.82","66.40","275.79"
"2022/10/02 00:40","28.00","3.00","3.00","4.00","454.00","0.037","0.141","28.80","66.44","275.62"
"2022/10/02 00:41","28.00","3.00","3.00","4.00","454.00","0.038","0.158","28.79","66.51","275.44"
"2022/10/02 00:42","28.00","3.00","3.00","4.00","454.00","0.041","0.168","28.80","66.48","275.28"
"2022/10/02 00:43","28.00","3.00","3.00","4.00","451.00","0.036","0.143","28.79","66.52","275.06"
"2022/10/02 00:44","28.00","3.00","3.00","4.00","450.00","0.036","0.135","28.79","66.54","274.79"
"2022/10/02 00:45","28.00","4.00","3.00","4.00","450.00","0.037","0.133","28.82","66.62","274.57"
"2022/10/02 00:46","28.00","4.00","3.00","4.00","449.00","0.032","0.125","28.79","66.59","274.32"
"2022/10/02 00:47","28.00","3.00","3.00","4.00","450.00","0.030","0.119","28.77","66.55","274.04"
"2022/10/02 00:48","28.00","3.00","3.00","4.00","451.00","0.029","0.116","28.80","66.56","273.86"
"2022/10/02 00:49","28.00","4.00","3.00","4.00","451.00","0.033","0.129","28.79","66.52","273.72"
"2022/10/02 00:50","28.00","3.00","3.00","4.00","452.00","0.034","0.123","28.82","66.52","273.62"
"2022/10/02 00:51","28.00","3.00","3.00","4.00","452.00","0.033","0.145","28.80","66.43","273.58"
"2022/10/02 00:52","28.00","3.00","3.00","4.00","453.00","0.036","0.147","28.79","66.46","273.49"
"2022/10/02 00:53","28.00","4.00","3.00","4.00","455.00","0.037","0.146","28.77","66.58","273.44"
"2022/10/02 00:54","28.00","3.00","3.00","4.00","454.00","0.037","0.147","28.76","66.57","273.37"
"2022/10/02 00:55","28.00","3.00","3.00","4.00","454.00","0.037","0.139","28.77","66.67","273.29"
"2022/10/02 00:56","28.00","4.00","3.00","4.00","451.00","0.036","0.130","28.77","66.70","273.11"
"2022/10/02 00:57","28.00","4.00","3.00","4.00","451.00","0.036","0.127","28.77","66.70","272.96"
"2022/10/02 00:58","28.00","4.00","3.00","4.00","450.00","0.038","0.144","28.79","66.59","272.82"
"2022/10/02 00:59","28.00","4.00","3.00","4.00","456.00","0.042","0.159","28.77","66.62","272.76"
"2022/10/02 01:00","28.00","4.00","3.00","4.00","459.00","0.042","0.162","28.77","66.67","272.79"
"2022/10/02 01:01","28.00","4.00","3.00","4.00","458.00","0.036","0.129","28.79","66.73","272.90"
"2022/10/02 01:02","28.00","3.00","3.00","4.00","455.00","0.035","0.134","28.77","66.73","272.94"
"2022/10/02 01:03","28.00","3.00","3.00","4.00","454.00","0.035","0.133","28.80","66.73","272.92"
"2022/10/02 01:04","28.00","3.00","3.00","4.00","455.00","0.037","0.146","28.80","66.71","272.91"
"2022/10/02 01:05","28.00","4.00","3.00","4.00","455.00","0.038","0.148","28.76","66.77","272.88"
"2022/10/02 01:06","28.00","3.00","3.00","4.00","458.00","0.040","0.155","28.77","66.81","272.85"
"2022/10/02 01:07","28.00","4.00","3.00","4.00","461.00","0.040","0.149","28.77","66.86","272.91"
"2022/10/02 01:08","28.00","4.00","3.00","4.00","461.00","0.038","0.144","28.77","66.89","273.02"
"2022/10/02 01:09","28.00","3.00","3.00","4.00","458.00","0.038","0.148","28.77","66.86","273.08"
"2022/10/02 01:10","28.00","3.00","3.00","4.00","456.00","0.037","0.150","28.76","66.87","273.08"
"2022/10/02 01:11","28.00","3.00","3.00","4.00","456.00","0.035","0.146","28.74","66.94","272.95"
"2022/10/02 01:12","28.00","3.00","3.00","4.00","454.00","0.033","0.134","28.74","66.91","272.79"
"2022/10/02 01:13","28.00","4.00","3.00","4.00","454.00","0.034","0.138","28.73","66.93","272.59"
"2022/10/02 01:14","28.00","3.00","3.00","4.00","455.00","0.037","0.143","28.76","66.96","272.46"
"2022/10/02 01:15","28.00","3.00","3.00","4.00","454.00","0.036","0.140","28.76","66.96","272.34"
"2022/10/02 01:16","28.00","3.00","3.00","4.00","452.00","0.036","0.131","28.76","66.96","272.18"
"2022/10/02 01:17","28.00","3.00","3.00","4.00","453.00","0.034","0.136","28.74","67.00","272.02"
"2022/10/02 01:18","28.00","4.00","3.00","4.00","452.00","0.036","0.140","28.73","66.93","271.83"
"2022/10/02 01:19","28.00","4.00","3.00","4.00","452.00","0.036","0.136","28.74","67.08","271.64"
"2022/10/02 01:20","28.00","3.00","3.00","4.00","453.00","0.034","0.122","28.69","67.05","271.39"
"2022/10/02 01:21","28.00","4.00","3.00","4.00","456.00","0.035","0.122","28.72","67.04","271.24"
"2022/10/02 01:22","28.00","4.00","3.00","4.00","454.00","0.034","0.131","28.74","67.08","271.16"
"2022/10/02 01:23","28.00","3.00","3.00","4.00","454.00","0.033","0.129","28.73","67.03","271.04"
"2022/10/02 01:24","28.00","4.00","3.00","4.00","453.00","0.034","0.129","28.73","67.05","270.88"
"2022/10/02 01:25","28.00","3.00","3.00","4.00","454.00","0.035","0.124","28.73","67.08","270.77"
"2022/10/02 01:26","28.00","4.00","3.00","4.00","454.00","0.035","0.123","28.70","67.13","270.58"
"2022/10/02 01:27","28.00","4.00","3.00","4.00","455.00","0.035","0.125","28.69","67.15","270.42"
"2022/10/02 01:28","28.00","4.00","3.00","4.00","456.00","0.036","0.123","28.70","67.17","270.33"
"2022/10/02 01:29","28.00","4.00","3.00","4.00","455.00","0.037","0.133","28.67","67.19","270.24"
"2022/10/02 01:30","28.00","4.00","3.00","4.00","457.00","0.037","0.136","28.70","67.23","270.14"
"2022/10/02 01:31","28.00","3.00","3.00","4.00","454.00","0.037","0.138","28.70","67.14","270.02"
"2022/10/02 01:32","28.00","3.00","3.00","4.00","450.00","0.038","0.138","28.67","67.25","269.73"
"2022/10/02 01:33","28.00","4.00","3.00","4.00","449.00","0.038","0.137","28.66","67.25","269.39"
"2022/10/02 01:34","28.00","3.00","3.00","4.00","450.00","0.039","0.135","28.69","67.26","269.10"
"2022/10/02 01:35","28.00","4.00","3.00","4.00","449.00","0.038","0.142","28.67","67.25","268.86"
"2022/10/02 01:36","28.00","3.00","3.00","4.00","450.00","0.040","0.143","28.66","67.26","268.55"
"2022/10/02 01:37","28.00","3.00","3.00","4.00","450.00","0.038","0.142","28.67","67.26","268.30"
"2022/10/02 01:38","28.00","3.00","3.00","4.00","448.00","0.037","0.136","28.66","67.27","268.03"
"2022/10/02 01:39","28.00","3.00","3.00","4.00","452.00","0.037","0.138","28.67","67.31","267.85"
"2022/10/02 01:40","28.00","4.00","3.00","6.00","453.00","0.036","0.141","28.69","67.30","268.14"
"2022/10/02 01:41","28.00","4.00","3.00","5.00","451.00","0.037","0.142","28.69","67.31","269.05"
"2022/10/02 01:42","28.00","4.00","3.00","4.00","450.00","0.034","0.138","28.67","67.30","268.82"
"2022/10/02 01:43","27.00","3.00","3.00","4.00","446.00","0.033","0.129","28.69","67.31","268.56"
"2022/10/02 01:44","27.00","4.00","3.00","4.00","446.00","0.032","0.131","28.67","67.34","268.25"
"2022/10/02 01:45","27.00","4.00","3.00","4.00","446.00","0.034","0.140","28.67","67.36","267.94"
"2022/10/02 01:46","28.00","4.00","3.00","4.00","448.00","0.034","0.127","28.66","67.39","267.74"
"2022/10/02 01:47","27.00","4.00","3.00","4.00","447.00","0.034","0.140","28.67","67.39","267.50"
"2022/10/02 01:48","28.00","3.00","3.00","4.00","449.00","0.037","0.141","28.66","67.39","267.34"
"2022/10/02 01:49","28.00","4.00","3.00","4.00","448.00","0.037","0.148","28.67","67.44","267.14"
"2022/10/02 01:50","27.00","4.00","3.00","4.00","446.00","0.036","0.153","28.67","67.42","266.89"
"2022/10/02 01:51","27.00","3.00","3.00","4.00","444.00","0.036","0.145","28.62","67.44","266.55"
"2022/10/02 01:52","27.00","3.00","3.00","4.00","444.00","0.039","0.148","28.65","67.46","266.15"
"2022/10/02 01:53","27.00","3.00","3.00","4.00","443.00","0.038","0.143","28.62","67.51","265.83"
"2022/10/02 01:54","27.00","4.00","3.00","4.00","443.00","0.037","0.144","28.62","67.48","265.46"
"2022/10/02 01:55","27.00","4.00","3.00","4.00","444.00","0.038","0.146","28.62","67.53","265.14"
"2022/10/02 01:56","27.00","3.00","3.00","4.00","447.00","0.038","0.147","28.63","67.57","264.92"
"2022/10/02 01:57","27.00","4.00","3.00","4.00","446.00","0.037","0.136","28.59","67.56","264.68"
"2022/10/02 01:58","27.00","3.00","3.00","4.00","445.00","0.036","0.134","28.62","67.59","264.45"
"2022/10/02 01:59","27.00","5.00","3.00","4.00","447.00","0.037","0.139","28.63","67.59","264.30"
"2022/10/02 02:00","27.00","4.00","3.00","4.00","446.00","0.037","0.144","28.65","67.65","264.22"
"2022/10/02 02:01","27.00","3.00","3.00","4.00","444.00","0.036","0.133","28.66","67.59","264.06"
"2022/10/02 02:02","27.00","4.00","3.00","4.00","442.00","0.035","0.136","28.63","67.63","263.88"
"2022/10/02 02:03","27.00","5.00","3.00","4.00","443.00","0.035","0.140","28.62","67.64","263.73"
"2022/10/02 02:04","27.00","3.00","3.00","4.00","445.00","0.036","0.137","28.62","67.62","263.59"
"2022/10/02 02:05","27.00","4.00","3.00","5.00","443.00","0.036","0.140","28.62","67.66","263.77"
"2022/10/02 02:06","27.00","4.00","3.00","5.00","445.00","0.037","0.135","28.62","67.66","264.47"
"2022/10/02 02:07","27.00","4.00","3.00","5.00","445.00","0.038","0.142","28.62","67.66","265.21"
"2022/10/02 02:08","27.00","4.00","3.00","5.00","445.00","0.037","0.129","28.61","67.76","265.83"
"2022/10/02 02:09","27.00","4.00","3.00","5.00","445.00","0.037","0.137","28.61","67.75","266.43"
"2022/10/02 02:10","27.00","4.00","3.00","5.00","444.00","0.038","0.135","28.61","67.75","266.93"
"2022/10/02 02:11","27.00","5.00","3.00","5.00","442.00","0.037","0.129","28.62","67.79","267.34"
"2022/10/02 02:12","27.00","4.00","3.00","5.00","443.00","0.038","0.132","28.61","67.77","267.66"
"2022/10/02 02:13","27.00","4.00","3.00","5.00","441.00","0.038","0.137","28.62","67.82","267.93"
"2022/10/02 02:14","27.00","4.00","3.00","5.00","443.00","0.038","0.136","28.62","67.81","268.22"
"2022/10/02 02:15","27.00","4.00","3.00","5.00","444.00","0.038","0.152","28.63","67.81","268.56"
"2022/10/02 02:16","27.00","4.00","3.00","5.00","440.00","0.036","0.135","28.62","67.82","268.78"
"2022/10/02 02:17","27.00","4.00","3.00","5.00","441.00","0.034","0.131","28.62","67.92","269.01"
"2022/10/02 02:18","27.00","4.00","3.00","5.00","439.00","0.034","0.126","28.63","67.86","269.14"
"2022/10/02 02:19","27.00","4.00","3.00","5.00","439.00","0.033","0.129","28.61","67.88","269.21"
"2022/10/02 02:20","27.00","4.00","3.00","5.00","442.00","0.034","0.124","28.62","67.90","269.34"
"2022/10/02 02:21","27.00","5.00","3.00","5.00","442.00","0.034","0.125","28.62","67.90","269.50"
"2022/10/02 02:22","27.00","4.00","3.00","5.00","443.00","0.036","0.127","28.59","67.92","269.67"
"2022/10/02 02:23","27.00","5.00","3.00","5.00","440.00","0.036","0.129","28.61","67.98","269.72"
"2022/10/02 02:24","27.00","5.00","3.00","5.00","439.00","0.037","0.124","28.58","67.96","269.63"
"2022/10/02 02:25","27.00","4.00","3.00","5.00","440.00","0.037","0.131","28.61","68.02","269.57"
"2022/10/02 02:26","27.00","4.00","3.00","5.00","442.00","0.036","0.130","28.61","68.00","269.60"
"2022/10/02 02:27","27.00","4.00","3.00","5.00","444.00","0.036","0.133","28.61","68.00","269.71"
"2022/10/02 02:28","27.00","4.00","3.00","5.00","447.00","0.036","0.127","28.59","67.99","269.87"
"2022/10/02 02:29","27.00","4.00","3.00","5.00","445.00","0.034","0.121","28.61","68.03","269.99"
"2022/10/02 02:30","28.00","4.00","3.00","5.00","448.00","0.034","0.119","28.61","68.08","270.18"
"2022/10/02 02:31","28.00","4.00","3.00","5.00","448.00","0.034","0.115","28.62","68.06","270.30"
"2022/10/02 02:32","28.00","4.00","3.00","5.00","449.00","0.034","0.119","28.62","68.10","270.48"
"2022/10/02 02:33","28.00","4.00","3.00","6.00","448.00","0.035","0.123","28.62","68.06","271.33"
"2022/10/02 02:34","27.00","4.00","3.00","6.00","447.00","0.036","0.123","28.61","68.10","272.39"
"2022/10/02 02:35","28.00","5.00","3.00","6.00","450.00","0.036","0.125","28.61","68.07","273.36"
"2022/10/02 02:36","28.00","4.00","3.00","5.00","451.00","0.036","0.122","28.62","68.11","273.48"
"2022/10/02 02:37","27.00","4.00","3.00","5.00","447.00","0.036","0.119","28.61","68.12","273.36"
"2022/10/02 02:38","27.00","4.00","3.00","5.00","446.00","0.035","0.118","28.58","68.11","273.14"
"2022/10/02 02:39","27.00","3.00","3.00","5.00","447.00","0.037","0.122","28.58","68.16","272.88"
"2022/10/02 02:40","27.00","4.00","3.00","5.00","443.00","0.038","0.122","28.56","68.19","272.56"
"2022/10/02 02:41","27.00","5.00","3.00","5.00","443.00","0.037","0.118","28.58","68.24","272.22"
"2022/10/02 02:42","27.00","4.00","3.00","5.00","444.00","0.037","0.121","28.59","68.18","271.95"
"2022/10/02 02:43","27.00","4.00","3.00","5.00","444.00","0.037","0.120","28.59","68.23","271.79"
"2022/10/02 02:44","27.00","4.00","3.00","5.00","444.00","0.037","0.122","28.58","68.25","271.57"
"2022/10/02 02:45","27.00","5.00","3.00","5.00","444.00","0.037","0.117","28.61","68.31","271.38"
"2022/10/02 02:46","27.00","4.00","3.00","5.00","443.00","0.034","0.111","28.58","68.30","271.20"
"2022/10/02 02:47","27.00","4.00","3.00","5.00","445.00","0.034","0.114","28.56","68.29","270.97"
"2022/10/02 02:48","27.00","5.00","3.00","5.00","445.00","0.034","0.115","28.56","68.33","270.79"
"2022/10/02 02:49","27.00","4.00","3.00","5.00","446.00","0.036","0.114","28.58","68.34","270.65"
"2022/10/02 02:50","27.00","4.00","3.00","5.00","444.00","0.034","0.114","28.58","68.36","270.53"
"2022/10/02 02:51","27.00","4.00","3.00","5.00","446.00","0.035","0.116","28.59","68.34","270.44"
"2022/10/02 02:52","27.00","5.00","4.00","5.00","445.00","0.035","0.118","28.61","68.36","270.43"
"2022/10/02 02:53","27.00","4.00","4.00","5.00","444.00","0.034","0.110","28.56","68.37","270.32"
"2022/10/02 02:54","27.00","4.00","4.00","5.00","445.00","0.034","0.110","28.61","68.37","270.22"
"2022/10/02 02:55","27.00","5.00","4.00","5.00","444.00","0.034","0.112","28.62","68.35","270.19"
"2022/10/02 02:56","27.00","4.00","4.00","5.00","444.00","0.035","0.111","28.61","68.37","270.20"
"2022/10/02 02:57","28.00","4.00","4.00","5.00","448.00","0.036","0.116","28.59","68.41","270.21"
"2022/10/02 02:58","27.00","5.00","4.00","5.00","445.00","0.032","0.109","28.59","68.46","270.19"
"2022/10/02 02:59","27.00","5.00","4.00","5.00","444.00","0.032","0.106","28.59","68.41","270.13"
"2022/10/02 03:00","27.00","4.00","4.00","5.00","447.00","0.032","0.100","28.61","68.46","270.12"
"2022/10/02 03:01","27.00","4.00","4.00","5.00","443.00","0.034","0.107","28.58","68.49","270.01"
"2022/10/02 03:02","27.00","4.00","4.00","5.00","442.00","0.033","0.105","28.58","68.50","269.81"
"2022/10/02 03:03","27.00","5.00","4.00","6.00","442.00","0.033","0.102","28.55","68.54","270.48"
"2022/10/02 03:04","27.00","4.00","4.00","6.00","444.00","0.033","0.103","28.58","68.55","271.19"
"2022/10/02 03:05","27.00","4.00","4.00","6.00","445.00","0.034","0.104","28.58","68.60","271.91"
"2022/10/02 03:06","27.00","5.00","4.00","6.00","446.00","0.033","0.104","28.58","68.59","272.47"
"2022/10/02 03:07","27.00","4.00","4.00","6.00","445.00","0.033","0.102","28.58","68.60","273.11"
"2022/10/02 03:08","27.00","4.00","4.00","6.00","445.00","0.032","0.101","28.58","68.64","273.56"
"2022/10/02 03:09","27.00","3.00","4.00","5.00","444.00","0.033","0.100","28.58","68.64","273.71"
"2022/10/02 03:10","27.00","4.00","4.00","7.00","442.00","0.033","0.095","28.55","68.68","274.10"
"2022/10/02 03:11","27.00","4.00","4.00","6.00","443.00","0.032","0.098","28.56","68.64","274.44"
"2022/10/02 03:12","27.00","4.00","4.00","6.00","442.00","0.032","0.103","28.58","68.62","274.73"
"2022/10/02 03:13","27.00","4.00","4.00","6.00","442.00","0.032","0.103","28.58","68.68","275.04"
"2022/10/02 03:14","27.00","4.00","4.00","5.00","439.00","0.027","0.092","28.59","68.77","274.49"
"2022/10/02 03:15","27.00","4.00","4.00","5.00","441.00","0.026","0.086","28.59","68.79","273.77"
"2022/10/02 03:16","27.00","4.00","4.00","5.00","440.00","0.029","0.094","28.59","68.73","273.13"
"2022/10/02 03:17","27.00","4.00","4.00","5.00","441.00","0.028","0.092","28.59","68.77","272.61"
"2022/10/02 03:18","27.00","5.00","4.00","5.00","438.00","0.027","0.092","28.61","68.78","272.18"
"2022/10/02 03:19","27.00","4.00","4.00","6.00","438.00","0.027","0.090","28.58","68.72","272.69"
"2022/10/02 03:20","27.00","4.00","4.00","6.00","438.00","0.029","0.089","28.62","68.76","273.14"
"2022/10/02 03:21","27.00","4.00","4.00","5.00","437.00","0.027","0.086","28.62","68.79","272.89"
"2022/10/02 03:22","27.00","5.00","4.00","5.00","436.00","0.027","0.087","28.62","68.79","272.30"
"2022/10/02 03:23","27.00","4.00","4.00","5.00","436.00","0.027","0.085","28.62","68.72","271.78"
"2022/10/02 03:24","27.00","5.00","4.00","5.00","438.00","0.028","0.089","28.62","68.79","271.30"
"2022/10/02 03:25","27.00","5.00","4.00","5.00","439.00","0.029","0.091","28.62","68.77","270.99"
"2022/10/02 03:26","27.00","5.00","4.00","5.00","441.00","0.030","0.095","28.62","68.71","270.74"
"2022/10/02 03:27","27.00","4.00","4.00","5.00","442.00","0.029","0.094","28.63","68.71","270.58"
"2022/10/02 03:28","27.00","5.00","4.00","5.00","443.00","0.026","0.087","28.65","68.83","270.45"
"2022/10/02 03:29","27.00","5.00","4.00","5.00","444.00","0.024","0.080","28.62","68.80","270.33"
"2022/10/02 03:30","27.00","4.00","4.00","5.00","443.00","0.025","0.073","28.63","68.89","270.20"
"2022/10/02 03:31","27.00","4.00","4.00","5.00","441.00","0.024","0.076","28.61","68.84","270.10"
"2022/10/02 03:32","27.00","5.00","4.00","6.00","441.00","0.024","0.073","28.63","68.86","270.28"
"2022/10/02 03:33","27.00","4.00","4.00","5.00","440.00","0.024","0.068","28.63","68.84","270.44"
"2022/10/02 03:34","27.00","6.00","4.00","6.00","438.00","0.029","0.082","28.62","68.83","270.37"
"2022/10/02 03:35","27.00","5.00","4.00","6.00","435.00","0.027","0.074","28.62","68.85","271.06"
"2022/10/02 03:36","27.00","4.00","4.00","6.00","436.00","0.027","0.074","28.61","68.90","271.63"
"2022/10/02 03:37","27.00","4.00","4.00","6.00","435.00","0.024","0.069","28.61","68.93","272.03"
"2022/10/02 03:38","27.00","5.00","4.00","6.00","434.00","0.026","0.074","28.62","68.91","272.43"
"2022/10/02 03:39","27.00","5.00","4.00","8.00","436.00","0.027","0.070","28.59","68.94","274.15"
"2022/10/02 03:40","27.00","5.00","4.00","6.00","438.00","0.028","0.080","28.63","68.86","274.76"
"2022/10/02 03:41","27.00","4.00","4.00","5.00","438.00","0.027","0.078","28.63","68.97","274.37"
"2022/10/02 03:42","27.00","4.00","4.00","5.00","438.00","0.024","0.073","28.62","68.94","273.69"
"2022/10/02 03:43","27.00","5.00","4.00","5.00","436.00","0.023","0.071","28.62","69.01","273.11"
"2022/10/02 03:44","27.00","4.00","4.00","5.00","436.00","0.024","0.067","28.61","69.05","272.39"
"2022/10/02 03:45","27.00","4.00","4.00","5.00","436.00","0.024","0.071","28.62","69.00","271.81"
"2022/10/02 03:46","27.00","6.00","4.00","6.00","437.00","0.024","0.073","28.61","68.99","271.45"
"2022/10/02 03:47","27.00","5.00","4.00","6.00","438.00","0.025","0.071","28.63","69.03","272.01"
"2022/10/02 03:48","27.00","4.00","4.00","5.00","438.00","0.023","0.071","28.63","69.10","272.35"
"2022/10/02 03:49","27.00","4.00","4.00","5.00","437.00","0.023","0.064","28.61","69.04","271.88"
"2022/10/02 03:50","27.00","4.00","4.00","5.00","438.00","0.023","0.065","28.61","69.07","271.38"
"2022/10/02 03:51","27.00","6.00","4.00","5.00","439.00","0.025","0.069","28.62","69.13","270.96"
"2022/10/02 03:52","27.00","3.00","4.00","5.00","438.00","0.023","0.064","28.62","69.13","270.55"
"2022/10/02 03:53","27.00","5.00","4.00","6.00","436.00","0.024","0.063","28.61","69.12","270.77"
"2022/10/02 03:54","27.00","4.00","4.00","5.00","435.00","0.025","0.061","28.59","69.13","270.37"
"2022/10/02 03:55","26.00","4.00","4.00","6.00","431.00","0.024","0.064","28.62","69.15","270.49"
"2022/10/02 03:56","26.00","5.00","4.00","5.00","430.00","0.024","0.062","28.59","69.17","269.96"
"2022/10/02 03:57","27.00","4.00","4.00","5.00","432.00","0.023","0.065","28.59","69.19","269.35"
"2022/10/02 03:58","27.00","5.00","4.00","5.00","434.00","0.023","0.062","28.61","69.20","268.84"
"2022/10/02 03:59","27.00","5.00","4.00","5.00","437.00","0.024","0.063","28.61","69.19","268.50"
"2022/10/02 04:00","27.00","5.00","4.00","5.00","435.00","0.023","0.058","28.62","69.25","268.18"
"2022/10/02 04:01","27.00","5.00","4.00","5.00","434.00","0.023","0.058","28.59","69.27","267.81"
"2022/10/02 04:02","27.00","4.00","4.00","5.00","434.00","0.023","0.057","28.59","69.29","267.47"
"2022/10/02 04:03","27.00","4.00","4.00","6.00","434.00","0.024","0.061","28.56","69.23","267.28"
"2022/10/02 04:04","27.00","5.00","4.00","6.00","434.00","0.027","0.062","28.55","69.26","267.91"
"2022/10/02 04:05","27.00","4.00","4.00","6.00","433.00","0.025","0.062","28.59","69.32","268.50"
"2022/10/02 04:06","27.00","4.00","4.00","6.00","434.00","0.025","0.062","28.58","69.32","268.99"
"2022/10/02 04:07","27.00","5.00","4.00","6.00","436.00","0.025","0.063","28.56","69.35","269.43"
"2022/10/02 04:08","27.00","4.00","4.00","6.00","438.00","0.025","0.066","28.55","69.32","269.82"
"2022/10/02 04:09","27.00","5.00","4.00","6.00","437.00","0.026","0.058","28.56","69.32","270.23"
"2022/10/02 04:10","27.00","5.00","4.00","7.00","438.00","0.026","0.062","28.53","69.33","271.27"
"2022/10/02 04:11","27.00","5.00","4.00","7.00","440.00","0.027","0.063","28.56","69.32","272.64"
"2022/10/02 04:12","27.00","5.00","4.00","7.00","440.00","0.025","0.057","28.58","69.37","273.89"
"2022/10/02 04:13","27.00","5.00","4.00","6.00","438.00","0.025","0.061","28.58","69.35","274.70"
"2022/10/02 04:14","27.00","5.00","4.00","6.00","436.00","0.023","0.062","28.55","69.39","274.66"
"2022/10/02 04:15","27.00","5.00","4.00","6.00","436.00","0.023","0.063","28.58","69.40","274.63"
"2022/10/02 04:16","27.00","5.00","4.00","6.00","434.00","0.023","0.062","28.58","69.38","274.56"
"2022/10/02 04:17","27.00","4.00","4.00","5.00","434.00","0.024","0.059","28.58","69.45","273.97"
"2022/10/02 04:18","27.00","5.00","4.00","5.00","435.00","0.026","0.071","28.58","69.38","272.96"
"2022/10/02 04:19","27.00","5.00","4.00","5.00","433.00","0.025","0.063","28.58","69.43","272.03"
"2022/10/02 04:20","27.00","5.00","4.00","5.00","432.00","0.027","0.066","28.53","69.40","271.23"
"2022/10/02 04:21","26.00","5.00","4.00","6.00","431.00","0.025","0.063","28.56","69.37","270.67"
"2022/10/02 04:22","26.00","5.00","4.00","6.00","431.00","0.026","0.059","28.53","69.45","270.71"
"2022/10/02 04:23","26.00","5.00","4.00","6.00","431.00","0.024","0.055","28.52","69.43","270.76"
"2022/10/02 04:24","26.00","5.00","4.00","6.00","430.00","0.025","0.055","28.53","69.43","270.80"
"2022/10/02 04:25","26.00","5.00","4.00","6.00","430.00","0.024","0.057","28.53","69.48","270.79"
"2022/10/02 04:26","26.00","5.00","4.00","6.00","430.00","0.027","0.067","28.53","69.46","270.83"
"2022/10/02 04:27","26.00","4.00","4.00","6.00","430.00","0.025","0.064","28.53","69.43","270.86"
"2022/10/02 04:28","26.00","3.00","4.00","5.00","429.00","0.021","0.058","28.56","69.44","270.73"
"2022/10/02 04:29","26.00","5.00","4.00","5.00","430.00","0.021","0.059","28.55","69.42","269.81"
"2022/10/02 04:30","27.00","4.00","4.00","5.00","433.00","0.025","0.056","28.56","69.41","269.01"
"2022/10/02 04:31","26.00","5.00","4.00","5.00","430.00","0.024","0.057","28.55","69.41","268.38"
"2022/10/02 04:32","26.00","5.00","4.00","7.00","429.00","0.023","0.050","28.56","69.44","268.02"
"2022/10/02 04:33","26.00","5.00","4.00","6.00","430.00","0.023","0.045","28.56","69.39","268.80"
"2022/10/02 04:34","27.00","5.00","4.00","6.00","432.00","0.024","0.056","28.56","69.44","269.05"
"2022/10/02 04:35","26.00","5.00","4.00","6.00","431.00","0.025","0.059","28.52","69.43","269.22"
"2022/10/02 04:36","26.00","4.00","4.00","7.00","428.00","0.025","0.048","28.52","69.48","270.01"
"2022/10/02 04:37","26.00","5.00","4.00","6.00","428.00","0.024","0.041","28.51","69.45","270.16"
"2022/10/02 04:38","26.00","5.00","4.00","6.00","430.00","0.025","0.052","28.52","69.47","270.18"
"2022/10/02 04:39","27.00","5.00","4.00","6.00","432.00","0.021","0.043","28.55","69.37","270.30"
"2022/10/02 04:40","27.00","4.00","4.00","6.00","435.00","0.025","0.047","28.53","69.43","270.81"
"2022/10/02 04:41","27.00","5.00","4.00","5.00","434.00","0.024","0.052","28.55","69.44","270.47"
"2022/10/02 04:42","27.00","5.00","4.00","6.00","434.00","0.024","0.054","28.56","69.40","270.04"
"2022/10/02 04:43","27.00","6.00","4.00","6.00","432.00","0.023","0.053","28.55","69.35","270.24"
"2022/10/02 04:44","27.00","5.00","4.00","6.00","434.00","0.024","0.052","28.55","69.37","270.47"
"2022/10/02 04:45","27.00","5.00","4.00","6.00","432.00","0.023","0.056","28.56","69.37","270.69"
"2022/10/02 04:46","26.00","4.00","4.00","6.00","430.00","0.024","0.057","28.56","69.36","270.80"
"2022/10/02 04:47","26.00","5.00","4.00","6.00","430.00","0.021","0.052","28.55","69.32","270.89"
"2022/10/02 04:48","26.00","3.00","4.00","5.00","431.00","0.021","0.050","28.56","69.36","270.86"
"2022/10/02 04:49","26.00","5.00","4.00","5.00","430.00","0.023","0.052","28.56","69.32","270.13"
"2022/10/02 04:50","26.00","4.00","4.00","5.00","430.00","0.023","0.056","28.58","69.35","269.32"
"2022/10/02 04:51","26.00","4.00","4.00","5.00","431.00","0.020","0.050","28.56","69.35","268.61"
"2022/10/02 04:52","27.00","4.00","4.00","5.00","432.00","0.020","0.053","28.56","69.27","267.98"
"2022/10/02 04:53","26.00","5.00","4.00","6.00","431.00","0.020","0.049","28.56","69.32","267.94"
"2022/10/02 04:54","27.00","4.00","4.00","5.00","434.00","0.024","0.058","28.56","69.37","267.74"
"2022/10/02 04:55","27.00","4.00","4.00","5.00","434.00","0.023","0.058","28.58","69.33","267.69"
"2022/10/02 04:56","27.00","5.00","4.00","6.00","434.00","0.024","0.058","28.58","69.33","267.58"
"2022/10/02 04:57","27.00","4.00","4.00","6.00","433.00","0.021","0.056","28.55","69.35","268.11"
"2022/10/02 04:58","26.00","5.00","4.00","6.00","430.00","0.021","0.047","28.56","69.36","268.53"
"2022/10/02 04:59","27.00","4.00","4.00","6.00","435.00","0.020","0.049","28.58","69.29","268.99"
"2022/10/02 05:00","27.00","5.00","4.00","5.00","439.00","0.020","0.048","28.56","69.25","268.54"
"2022/10/02 05:01","27.00","5.00","4.00","5.00","437.00","0.021","0.049","28.55","69.26","268.18"
"2022/10/02 05:02","27.00","4.00","4.00","5.00","435.00","0.021","0.048","28.55","69.26","267.71"
"2022/10/02 05:03","27.00","4.00","4.00","5.00","434.00","0.021","0.048","28.58","69.26","267.32"
"2022/10/02 05:04","27.00","4.00","4.00","5.00","433.00","0.020","0.049","28.55","69.21","266.85"
"2022/10/02 05:05","26.00","4.00","4.00","5.00","431.00","0.021","0.041","28.55","69.32","266.39"
"2022/10/02 05:06","27.00","5.00","4.00","5.00","434.00","0.024","0.048","28.56","69.32","266.09"
"2022/10/02 05:07","27.00","5.00","4.00","6.00","432.00","0.022","0.051","28.58","69.27","265.95"
"2022/10/02 05:08","26.00","3.00","4.00","6.00","429.00","0.019","0.040","28.58","69.29","266.61"
"2022/10/02 05:09","26.00","4.00","4.00","5.00","430.00","0.023","0.046","28.56","69.27","266.30"
"2022/10/02 05:10","27.00","4.00","4.00","5.00","433.00","0.019","0.042","28.56","69.26","265.95"
"2022/10/02 05:11","27.00","4.00","4.00","5.00","434.00","0.019","0.036","28.59","69.27","265.68"
"2022/10/02 05:12","27.00","5.00","4.00","5.00","434.00","0.022","0.040","28.56","69.27","265.46"
"2022/10/02 05:13","27.00","4.00","4.00","5.00","432.00","0.019","0.036","28.55","69.24","265.18"
"2022/10/02 05:14","27.00","4.00","4.00","5.00","434.00","0.018","0.036","28.56","69.30","264.93"
"2022/10/02 05:15","27.00","5.00","4.00","5.00","435.00","0.019","0.036","28.58","69.29","264.79"
"2022/10/02 05:16","27.00","3.00","4.00","5.00","433.00","0.017","0.032","28.56","69.30","264.62"
"2022/10/02 05:17","27.00","4.00","4.00","5.00","434.00","0.017","0.040","28.55","69.27","264.43"
"2022/10/02 05:18","27.00","3.00","4.00","5.00","435.00","0.017","0.037","28.53","69.29","264.29"
"2022/10/02 05:19","27.00","4.00","4.00","5.00","434.00","0.017","0.034","28.53","69.28","264.10"
"2022/10/02 05:20","27.00","4.00","4.00","5.00","435.00","0.017","0.035","28.53","69.31","263.89"
"2022/10/02 05:21","27.00","3.00","4.00","5.00","436.00","0.018","0.036","28.53","69.35","263.76"
"2022/10/02 05:22","27.00","4.00","4.00","5.00","437.00","0.018","0.032","28.55","69.39","263.66"
"2022/10/02 05:23","27.00","5.00","4.00","5.00","436.00","0.017","0.034","28.53","69.33","263.55"
"2022/10/02 05:24","27.00","4.00","4.00","5.00","438.00","0.018","0.033","28.53","69.34","263.47"
"2022/10/02 05:25","27.00","5.00","4.00","5.00","440.00","0.018","0.035","28.55","69.36","263.43"
"2022/10/02 05:26","27.00","4.00","4.00","5.00","440.00","0.017","0.035","28.53","69.34","263.44"
"2022/10/02 05:27","27.00","3.00","4.00","5.00","439.00","0.017","0.036","28.55","69.32","263.44"
"2022/10/02 05:28","27.00","4.00","4.00","6.00","439.00","0.018","0.030","28.58","69.45","264.47"
"2022/10/02 05:29","27.00","4.00","4.00","5.00","436.00","0.021","0.034","28.52","69.42","264.48"
"2022/10/02 05:30","27.00","4.00","4.00","5.00","437.00","0.019","0.032","28.53","69.39","264.32"
"2022/10/02 05:31","27.00","3.00","4.00","5.00","436.00","0.017","0.034","28.55","69.41","264.19"
"2022/10/02 05:32","27.00","4.00","4.00","6.00","435.00","0.017","0.031","28.52","69.36","264.49"
"2022/10/02 05:33","27.00","4.00","4.00","6.00","437.00","0.018","0.028","28.53","69.35","265.28"
"2022/10/02 05:34","27.00","4.00","4.00","6.00","439.00","0.019","0.027","28.52","69.43","266.02"
"2022/10/02 05:35","27.00","5.00","4.00","6.00","440.00","0.020","0.032","28.52","69.45","266.64"
"2022/10/02 05:36","27.00","4.00","4.00","5.00","437.00","0.019","0.029","28.49","69.47","266.31"
"2022/10/02 05:37","27.00","4.00","4.00","5.00","439.00","0.019","0.033","28.52","69.45","265.92"
"2022/10/02 05:38","27.00","4.00","4.00","5.00","438.00","0.017","0.028","28.48","69.38","265.56"
"2022/10/02 05:39","27.00","3.00","4.00","4.00","436.00","0.016","0.027","28.52","69.44","264.34"
"2022/10/02 05:40","27.00","4.00","4.00","7.00","434.00","0.019","0.028","28.52","69.45","264.73"
"2022/10/02 05:41","27.00","4.00","4.00","6.00","435.00","0.016","0.025","28.52","69.42","265.45"
"2022/10/02 05:42","27.00","5.00","4.00","6.00","434.00","0.016","0.020","28.52","69.45","266.03"
"2022/10/02 05:43","27.00","5.00","4.00","6.00","434.00","0.016","0.027","28.52","69.38","266.57"
"2022/10/02 05:44","26.00","4.00","4.00","5.00","431.00","0.016","0.027","28.52","69.42","266.84"
"2022/10/02 05:45","27.00","3.00","4.00","5.00","432.00","0.016","0.030","28.51","69.39","266.76"
"2022/10/02 05:46","27.00","5.00","4.00","5.00","434.00","0.017","0.025","28.52","69.38","266.21"
"2022/10/02 05:47","27.00","4.00","4.00","5.00","435.00","0.018","0.028","28.53","69.43","265.86"
"2022/10/02 05:48","27.00","5.00","4.00","5.00","432.00","0.018","0.026","28.55","69.37","265.47"
"2022/10/02 05:49","27.00","5.00","4.00","5.00","436.00","0.016","0.033","28.53","69.35","265.15"
"2022/10/02 05:50","27.00","5.00","4.00","5.00","435.00","0.016","0.024","28.52","69.31","264.88"
"2022/10/02 05:51","27.00","5.00","4.00","5.00","434.00","0.016","0.023","28.52","69.34","264.56"
"2022/10/02 05:52","27.00","4.00","4.00","5.00","435.00","0.017","0.028","28.52","69.33","264.33"
"2022/10/02 05:53","27.00","4.00","4.00","5.00","437.00","0.016","0.026","28.48","69.34","264.08"
"2022/10/02 05:54","27.00","4.00","4.00","5.00","436.00","0.016","0.022","28.49","69.37","263.85"
"2022/10/02 05:55","27.00","4.00","4.00","5.00","438.00","0.016","0.023","28.52","69.35","263.65"
"2022/10/02 05:56","27.00","4.00","4.00","6.00","438.00","0.016","0.024","28.51","69.38","264.18"
"2022/10/02 05:57","27.00","4.00","4.00","5.00","439.00","0.016","0.021","28.51","69.35","264.50"
"2022/10/02 05:58","27.00","4.00","4.00","5.00","439.00","0.016","0.021","28.52","69.36","264.33"
"2022/10/02 05:59","27.00","4.00","4.00","5.00","437.00","0.016","0.020","28.48","69.34","264.12"
"2022/10/02 06:00","27.00","4.00","4.00","5.00","437.00","0.016","0.020","28.49","69.38","265.16"
"2022/10/02 06:01","27.00","4.00","4.00","7.00","439.00","0.016","0.020","28.51","69.38","265.36"
"2022/10/02 06:02","27.00","4.00","4.00","6.00","440.00","0.016","0.025","28.49","69.38","266.19"
"2022/10/02 06:03","27.00","5.00","4.00","6.00","440.00","0.016","0.022","28.48","69.42","266.77"
"2022/10/02 06:04","27.00","4.00","4.00","6.00","439.00","0.017","0.022","28.49","69.46","267.19"
"2022/10/02 06:05","27.00","5.00","4.00","6.00","435.00","0.016","0.021","28.49","69.41","267.58"
"2022/10/02 06:06","27.00","5.00","4.00","6.00","432.00","0.015","0.024","28.48","69.38","267.87"
"2022/10/02 06:07","27.00","4.00","4.00","6.00","432.00","0.015","0.020","28.49","69.38","268.06"
"2022/10/02 06:08","26.00","3.00","4.00","6.00","430.00","0.015","0.020","28.49","69.39","268.19"
"2022/10/02 06:09","27.00","4.00","4.00","5.00","432.00","0.015","0.020","28.48","69.38","267.28"
"2022/10/02 06:10","27.00","5.00","4.00","5.00","433.00","0.015","0.020","28.46","69.40","266.63"
"2022/10/02 06:11","27.00","4.00","4.00","5.00","436.00","0.015","0.020","28.46","69.43","265.98"
"2022/10/02 06:12","27.00","4.00","4.00","5.00","434.00","0.016","0.020","28.48","69.46","265.41"
"2022/10/02 06:13","27.00","4.00","4.00","5.00","434.00","0.017","0.020","28.46","69.51","264.80"
"2022/10/02 06:14","27.00","5.00","4.00","5.00","432.00","0.016","0.020","28.46","69.43","264.25"
"2022/10/02 06:15","27.00","5.00","4.00","6.00","433.00","0.016","0.020","28.46","69.43","263.98"
"2022/10/02 06:16","27.00","3.00","4.00","6.00","433.00","0.015","0.020","28.49","69.46","264.66"
"2022/10/02 06:17","27.00","4.00","4.00","5.00","433.00","0.015","0.020","28.48","69.46","264.26"
"2022/10/02 06:18","27.00","4.00","4.00","5.00","436.00","0.016","0.020","28.45","69.47","263.84"
"2022/10/02 06:19","27.00","4.00","4.00","5.00","436.00","0.016","0.020","28.46","69.46","263.49"
"2022/10/02 06:20","27.00","3.00","4.00","5.00","437.00","0.016","0.020","28.49","69.47","263.75"
"2022/10/02 06:21","27.00","5.00","4.00","5.00","435.00","0.016","0.022","28.48","69.48","263.51"
"2022/10/02 06:22","27.00","4.00","4.00","5.00","437.00","0.017","0.022","28.49","69.48","263.28"
"2022/10/02 06:23","27.00","5.00","4.00","6.00","434.00","0.015","0.020","28.51","69.43","263.85"
"2022/10/02 06:24","27.00","4.00","4.00","6.00","439.00","0.015","0.020","28.46","69.45","263.87"
"2022/10/02 06:25","27.00","4.00","4.00","6.00","439.00","0.015","0.020","28.46","69.47","264.54"
"2022/10/02 06:26","27.00","4.00","4.00","5.00","441.00","0.015","0.021","28.45","69.46","264.24"
"2022/10/02 06:27","27.00","4.00","4.00","5.00","438.00","0.015","0.020","28.45","69.46","263.93"
"2022/10/02 06:28","27.00","4.00","4.00","5.00","437.00","0.015","0.020","28.46","69.47","263.53"
"2022/10/02 06:29","27.00","5.00","4.00","6.00","439.00","0.016","0.020","28.46","69.47","263.98"
"2022/10/02 06:30","27.00","4.00","4.00","6.00","439.00","0.016","0.022","28.46","69.52","264.18"
"2022/10/02 06:31","27.00","4.00","4.00","6.00","439.00","0.017","0.022","28.42","69.53","264.77"
"2022/10/02 06:32","27.00","4.00","4.00","5.00","437.00","0.015","0.020","28.43","69.51","264.67"
"2022/10/02 06:33","27.00","3.00","4.00","6.00","437.00","0.015","0.020","28.42","69.58","265.11"
"2022/10/02 06:34","27.00","4.00","4.00","6.00","436.00","0.017","0.020","28.46","69.64","265.51"
"2022/10/02 06:35","27.00","5.00","4.00","6.00","436.00","0.018","0.021","28.43","69.65","265.84"
"2022/10/02 06:36","27.00","4.00","4.00","6.00","439.00","0.017","0.020","28.45","69.67","266.18"
"2022/10/02 06:37","27.00","4.00","4.00","6.00","438.00","0.019","0.024","28.43","69.69","266.43"
"2022/10/02 06:38","27.00","4.00","4.00","6.00","436.00","0.019","0.028","28.48","69.62","266.75"
"2022/10/02 06:39","27.00","4.00","4.00","6.00","435.00","0.019","0.025","28.45","69.59","266.99"
"2022/10/02 06:40","27.00","5.00","4.00","6.00","435.00","0.017","0.024","28.48","69.55","267.27"
"2022/10/02 06:41","27.00","5.00","4.00","7.00","436.00","0.017","0.024","28.46","69.59","267.69"
"2022/10/02 06:42","27.00","4.00","4.00","7.00","436.00","0.018","0.030","28.46","69.55","268.45"
"2022/10/02 06:43","27.00","5.00","4.00","7.00","436.00","0.020","0.029","28.45","69.59","269.39"
"2022/10/02 06:44","27.00","5.00","4.00","7.00","437.00","0.016","0.024","28.46","69.48","270.47"
"2022/10/02 06:45","27.00","4.00","4.00","6.00","440.00","0.018","0.024","28.45","69.61","270.46"
"2022/10/02 06:46","27.00","5.00","4.00","6.00","436.00","0.016","0.025","28.45","69.65","270.46"
"2022/10/02 06:47","27.00","4.00","4.00","6.00","438.00","0.019","0.028","28.46","69.64","270.42"
"2022/10/02 06:48","27.00","4.00","4.00","5.00","436.00","0.018","0.029","28.45","69.57","269.71"
"2022/10/02 06:49","27.00","6.00","4.00","6.00","435.00","0.016","0.025","28.45","69.57","269.51"
"2022/10/02 06:50","27.00","4.00","4.00","6.00","436.00","0.015","0.020","28.45","69.56","269.58"
"2022/10/02 06:51","27.00","4.00","4.00","6.00","435.00","0.015","0.025","28.51","69.59","269.65"
"2022/10/02 06:52","27.00","4.00","4.00","6.00","432.00","0.019","0.029","28.48","69.55","269.68"
"2022/10/02 06:53","26.00","5.00","4.00","6.00","431.00","0.018","0.035","28.49","69.52","269.62"
"2022/10/02 06:54","27.00","4.00","4.00","6.00","433.00","0.018","0.030","28.45","69.57","269.56"
"2022/10/02 06:55","27.00","6.00","4.00","6.00","434.00","0.020","0.032","28.48","69.62","269.54"
"2022/10/02 06:56","27.00","5.00","5.00","6.00","434.00","0.017","0.032","28.45","69.65","269.48"
"2022/10/02 06:57","27.00","4.00","5.00","6.00","434.00","0.016","0.023","28.43","69.63","269.38"
"2022/10/02 06:58","27.00","4.00","5.00","6.00","433.00","0.019","0.027","28.42","69.68","269.27"
"2022/10/02 06:59","27.00","4.00","5.00","6.00","434.00","0.018","0.030","28.42","69.68","269.17"
"2022/10/02 07:00","27.00","6.00","5.00","6.00","436.00","0.019","0.027","28.42","69.72","269.07"
"2022/10/02 07:01","27.00","4.00","5.00","6.00","434.00","0.020","0.028","28.42","69.75","268.94"
"2022/10/02 07:02","27.00","4.00","5.00","6.00","436.00","0.017","0.031","28.41","69.77","268.79"
"2022/10/02 07:03","27.00","5.00","5.00","6.00","435.00","0.019","0.029","28.42","69.83","269.02"
"2022/10/02 07:04","27.00","4.00","5.00","6.00","436.00","0.020","0.034","28.41","69.81","268.84"
"2022/10/02 07:05","27.00","4.00","5.00","6.00","437.00","0.019","0.029","28.41","69.87","268.72"
"2022/10/02 07:06","27.00","5.00","5.00","6.00","442.00","0.020","0.028","28.39","69.83","268.70"
"2022/10/02 07:07","27.00","4.00","5.00","6.00","439.00","0.020","0.031","28.39","69.87","268.62"
"2022/10/02 07:08","27.00","5.00","5.00","6.00","441.00","0.020","0.032","28.41","69.82","268.66"
"2022/10/02 07:09","27.00","4.00","5.00","6.00","439.00","0.020","0.029","28.41","69.87","268.67"
"2022/10/02 07:10","27.00","5.00","5.00","6.00","439.00","0.017","0.028","28.42","69.84","268.70"
"2022/10/02 07:11","27.00","4.00","5.00","6.00","439.00","0.020","0.026","28.42","69.84","268.75"
"2022/10/02 07:12","27.00","4.00","5.00","6.00","438.00","0.020","0.029","28.42","69.79","268.76"
"2022/10/02 07:13","27.00","5.00","5.00","6.00","438.00","0.017","0.025","28.43","69.83","268.73"
"2022/10/02 07:14","27.00","4.00","5.00","6.00","437.00","0.021","0.029","28.43","69.79","268.75"
"2022/10/02 07:15","27.00","5.00","5.00","6.00","436.00","0.020","0.033","28.43","69.83","268.72"
"2022/10/02 07:16","27.00","4.00","5.00","6.00","437.00","0.016","0.028","28.45","69.79","268.73"
"2022/10/02 07:17","27.00","4.00","5.00","6.00","436.00","0.019","0.027","28.43","69.82","268.73"
"2022/10/02 07:18","27.00","4.00","5.00","6.00","434.00","0.019","0.029","28.41","69.81","268.67"
"2022/10/02 07:19","27.00","4.00","5.00","6.00","435.00","0.018","0.027","28.43","69.84","268.58"
"2022/10/02 07:20","27.00","5.00","5.00","6.00","435.00","0.020","0.028","28.43","69.82","268.56"
"2022/10/02 07:21","27.00","4.00","5.00","6.00","434.00","0.019","0.027","28.42","69.88","268.48"
"2022/10/02 07:22","27.00","5.00","5.00","6.00","433.00","0.019","0.026","28.43","69.85","268.38"
"2022/10/02 07:23","26.00","6.00","5.00","7.00","431.00","0.019","0.024","28.43","69.87","268.38"
"2022/10/02 07:24","27.00","4.00","5.00","7.00","435.00","0.017","0.028","28.42","69.79","269.30"
"2022/10/02 07:25","27.00","5.00","5.00","6.00","435.00","0.017","0.026","28.43","69.87","269.83"
"2022/10/02 07:26","26.00","5.00","5.00","7.00","431.00","0.020","0.026","28.42","69.79","270.57"
"2022/10/02 07:27","26.00","4.00","5.00","6.00","431.00","0.019","0.026","28.41","69.87","271.02"
"2022/10/02 07:28","26.00","4.00","5.00","6.00","431.00","0.019","0.028","28.43","69.84","270.67"
"2022/10/02 07:29","27.00","5.00","5.00","6.00","433.00","0.020","0.030","28.41","69.82","270.26"
"2022/10/02 07:30","27.00","4.00","5.00","6.00","434.00","0.016","0.020","28.42","69.88","269.97"
"2022/10/02 07:31","26.00","4.00","5.00","6.00","431.00","0.015","0.020","28.42","69.84","269.63"
"2022/10/02 07:32","26.00","4.00","5.00","5.00","431.00","0.017","0.020","28.41","69.91","268.81"
"2022/10/02 07:33","26.00","4.00","5.00","5.00","430.00","0.018","0.023","28.42","69.90","267.54"
"2022/10/02 07:34","27.00","4.00","5.00","5.00","432.00","0.019","0.021","28.43","69.87","266.64"
"2022/10/02 07:35","26.00","3.00","5.00","5.00","430.00","0.017","0.020","28.43","69.83","265.65"
"2022/10/02 07:36","26.00","4.00","5.00","5.00","429.00","0.015","0.020","28.45","69.85","264.93"
"2022/10/02 07:37","26.00","5.00","5.00","5.00","430.00","0.015","0.020","28.43","69.85","264.12"
"2022/10/02 07:38","26.00","5.00","5.00","6.00","430.00","0.017","0.020","28.46","69.82","263.77"
"2022/10/02 07:39","26.00","5.00","5.00","5.00","430.00","0.018","0.020","28.48","69.85","263.77"
"2022/10/02 07:40","26.00","4.00","5.00","5.00","430.00","0.017","0.020","28.46","69.82","263.24"
"2022/10/02 07:41","27.00","5.00","5.00","5.00","433.00","0.016","0.020","28.45","69.80","262.70"
"2022/10/02 07:42","27.00","5.00","5.00","6.00","434.00","0.017","0.020","28.45","69.89","262.60"
"2022/10/02 07:43","26.00","5.00","5.00","6.00","430.00","0.018","0.020","28.48","69.91","263.14"
"2022/10/02 07:44","26.00","5.00","5.00","6.00","430.00","0.016","0.020","28.46","69.85","263.58"
"2022/10/02 07:45","26.00","5.00","5.00","6.00","429.00","0.016","0.020","28.45","69.85","263.92"
"2022/10/02 07:46","26.00","5.00","5.00","6.00","429.00","0.018","0.020","28.43","69.87","264.11"
"2022/10/02 07:47","26.00","4.00","5.00","6.00","430.00","0.017","0.020","28.43","69.88","264.31"
"2022/10/02 07:48","26.00","5.00","5.00","6.00","430.00","0.016","0.020","28.43","69.89","264.48"
"2022/10/02 07:49","27.00","4.00","5.00","6.00","432.00","0.016","0.020","28.39","69.96","264.68"
"2022/10/02 07:50","26.00","5.00","5.00","6.00","431.00","0.016","0.020","28.45","69.94","264.85"
"2022/10/02 07:51","26.00","5.00","5.00","6.00","430.00","0.015","0.020","28.42","69.98","264.92"
"2022/10/02 07:52","27.00","4.00","5.00","6.00","432.00","0.016","0.020","28.42","70.01","265.02"
"2022/10/02 07:53","26.00","5.00","5.00","6.00","431.00","0.016","0.020","28.43","69.99","265.15"
"2022/10/02 07:54","26.00","4.00","5.00","6.00","431.00","0.016","0.020","28.42","70.02","265.23"
"2022/10/02 07:55","27.00","4.00","5.00","6.00","432.00","0.016","0.020","28.41","70.01","265.30"
"2022/10/02 07:56","27.00","5.00","5.00","5.00","433.00","0.017","0.020","28.43","70.08","264.42"
"2022/10/02 07:57","27.00","4.00","5.00","5.00","433.00","0.016","0.020","28.41","70.07","263.72"
"2022/10/02 07:58","26.00","5.00","4.00","4.00","431.00","0.016","0.020","28.39","70.07","262.22"
"2022/10/02 07:59","26.00","4.00","4.00","5.00","429.00","0.015","0.020","28.41","70.08","260.81"
"2022/10/02 08:00","26.00","5.00","4.00","6.00","429.00","0.015","0.020","28.38","70.10","261.09"
"2022/10/02 08:01","26.00","5.00","4.00","6.00","426.00","0.017","0.020","28.39","70.16","261.30"
"2022/10/02 08:02","26.00","4.00","4.00","6.00","428.00","0.017","0.020","28.36","70.18","261.47"
"2022/10/02 08:03","26.00","4.00","4.00","6.00","427.00","0.017","0.020","28.38","70.19","261.64"
"2022/10/02 08:04","26.00","5.00","4.00","6.00","427.00","0.016","0.020","28.42","70.14","261.86"
"2022/10/02 08:05","26.00","4.00","4.00","6.00","428.00","0.016","0.020","28.42","70.12","262.09"
"2022/10/02 08:06","26.00","5.00","4.00","6.00","428.00","0.016","0.020","28.43","70.14","262.35"
"2022/10/02 08:07","26.00","4.00","4.00","6.00","429.00","0.015","0.020","28.43","70.10","262.65"
"2022/10/02 08:08","26.00","4.00","4.00","6.00","430.00","0.015","0.020","28.43","70.08","262.85"
"2022/10/02 08:09","26.00","4.00","4.00","6.00","431.00","0.014","0.020","28.43","70.15","263.10"
"2022/10/02 08:10","26.00","5.00","4.00","5.00","430.00","0.016","0.020","28.42","70.13","262.50"
"2022/10/02 08:11","26.00","5.00","4.00","5.00","428.00","0.016","0.020","28.45","70.09","261.80"
"2022/10/02 08:12","26.00","4.00","4.00","5.00","428.00","0.015","0.020","28.46","70.13","261.16"
"2022/10/02 08:13","26.00","4.00","4.00","5.00","427.00","0.015","0.020","28.43","70.09","260.67"
"2022/10/02 08:14","26.00","5.00","4.00","5.00","428.00","0.015","0.020","28.43","70.09","260.10"
"2022/10/02 08:15","26.00","4.00","4.00","6.00","430.00","0.016","0.020","28.42","70.11","260.33"
"2022/10/02 08:16","26.00","4.00","4.00","5.00","431.00","0.016","0.020","28.45","70.13","260.52"
"2022/10/02 08:17","26.00","5.00","4.00","6.00","429.00","0.016","0.020","28.46","70.04","260.42"
"2022/10/02 08:18","26.00","5.00","4.00","6.00","426.00","0.016","0.020","28.46","70.05","260.93"
"2022/10/02 08:19","26.00","5.00","4.00","6.00","425.00","0.016","0.020","28.43","70.03","261.27"
"2022/10/02 08:20","26.00","6.00","4.00","6.00","426.00","0.016","0.020","28.48","70.09","261.67"
"2022/10/02 08:21","26.00","5.00","4.00","6.00","428.00","0.016","0.020","28.45","70.06","262.09"
"2022/10/02 08:22","26.00","5.00","4.00","6.00","425.00","0.017","0.020","28.49","70.02","262.51"
"2022/10/02 08:23","26.00","6.00","4.00","7.00","424.00","0.015","0.020","28.48","69.99","263.22"
"2022/10/02 08:24","26.00","5.00","4.00","7.00","424.00","0.016","0.020","28.49","70.01","264.32"
"2022/10/02 08:25","26.00","4.00","4.00","6.00","423.00","0.016","0.020","28.46","69.99","265.33"
"2022/10/02 08:26","26.00","4.00","4.00","6.00","425.00","0.015","0.020","28.51","69.94","265.46"
"2022/10/02 08:27","26.00","5.00","4.00","6.00","427.00","0.013","0.020","28.53","69.87","265.68"
"2022/10/02 08:28","26.00","5.00","4.00","6.00","423.00","0.015","0.020","28.51","69.86","265.81"
"2022/10/02 08:29","26.00","4.00","4.00","5.00","423.00","0.016","0.020","28.49","69.81","265.56"
"2022/10/02 08:30","26.00","4.00","4.00","5.00","425.00","0.015","0.020","28.51","69.82","264.87"
"2022/10/02 08:31","26.00","5.00","4.00","5.00","428.00","0.016","0.020","28.51","69.87","264.17"
"2022/10/02 08:32","26.00","4.00","4.00","6.00","428.00","0.016","0.020","28.51","69.82","264.45"
"2022/10/02 08:33","26.00","4.00","4.00","6.00","430.00","0.015","0.020","28.51","69.74","264.84"
"2022/10/02 08:34","27.00","5.00","4.00","6.00","432.00","0.016","0.020","28.52","69.79","265.29"
"2022/10/02 08:35","27.00","5.00","4.00","6.00","432.00","0.015","0.020","28.51","69.79","265.69"
"2022/10/02 08:36","27.00","5.00","4.00","6.00","434.00","0.016","0.020","28.51","69.81","266.04"
"2022/10/02 08:37","26.00","5.00","4.00","6.00","431.00","0.016","0.020","28.51","69.79","266.39"
"2022/10/02 08:38","26.00","4.00","4.00","6.00","431.00","0.016","0.020","28.51","69.76","266.73"
"2022/10/02 08:39","26.00","5.00","4.00","6.00","430.00","0.016","0.020","28.51","69.74","267.00"
"2022/10/02 08:40","26.00","5.00","4.00","6.00","431.00","0.016","0.020","28.52","69.79","267.17"
"2022/10/02 08:41","27.00","5.00","4.00","6.00","432.00","0.016","0.020","28.55","69.73","267.49"
"2022/10/02 08:42","27.00","5.00","4.00","7.00","432.00","0.016","0.020","28.53","69.72","267.95"
"2022/10/02 08:43","27.00","5.00","4.00","5.00","432.00","0.016","0.020","28.52","69.70","267.34"
"2022/10/02 08:44","27.00","4.00","4.00","5.00","432.00","0.015","0.020","28.53","69.65","266.67"
"2022/10/02 08:45","27.00","6.00","4.00","6.00","433.00","0.013","0.020","28.52","69.57","266.27"
"2022/10/02 08:46","27.00","5.00","4.00","6.00","433.00","0.014","0.020","28.52","69.60","266.64"
"2022/10/02 08:47","27.00","6.00","4.00","6.00","432.00","0.014","0.020","28.52","69.54","267.06"
"2022/10/02 08:48","27.00","5.00","4.00","6.00","433.00","0.014","0.020","28.51","69.52","267.43"
"2022/10/02 08:49","26.00","4.00","4.00","5.00","430.00","0.016","0.020","28.51","69.57","266.98"
"2022/10/02 08:50","26.00","5.00","4.00","5.00","429.00","0.013","0.020","28.49","69.51","266.23"
"2022/10/02 08:51","26.00","4.00","4.00","5.00","429.00","0.016","0.020","28.49","69.49","265.63"
"2022/10/02 08:52","26.00","4.00","4.00","5.00","431.00","0.016","0.020","28.48","69.55","265.00"
"2022/10/02 08:53","27.00","6.00","4.00","6.00","435.00","0.017","0.020","28.49","69.61","264.67"
"2022/10/02 08:54","27.00","5.00","4.00","6.00","435.00","0.016","0.020","28.48","69.62","265.24"
"2022/10/02 08:55","27.00","4.00","4.00","6.00","437.00","0.016","0.020","28.49","69.61","265.79"
"2022/10/02 08:56","27.00","5.00","4.00","6.00","434.00","0.015","0.020","28.52","69.54","266.22"
"2022/10/02 08:57","27.00","4.00","4.00","6.00","433.00","0.015","0.020","28.52","69.53","266.66"
"2022/10/02 08:58","27.00","5.00","4.00","6.00","434.00","0.015","0.020","28.51","69.54","267.11"
"2022/10/02 08:59","27.00","4.00","4.00","6.00","436.00","0.016","0.020","28.53","69.51","267.59"
"2022/10/02 09:00","27.00","4.00","4.00","6.00","437.00","0.015","0.020","28.55","69.46","268.04"
"2022/10/02 09:01","27.00","5.00","4.00","6.00","437.00","0.014","0.020","28.53","69.40","268.55"
"2022/10/02 09:02","27.00","5.00","4.00","6.00","436.00","0.015","0.020","28.53","69.43","269.00"
"2022/10/02 09:03","27.00","5.00","4.00","6.00","435.00","0.016","0.020","28.56","69.37","269.42"
"2022/10/02 09:04","27.00","5.00","4.00","6.00","436.00","0.015","0.020","28.59","69.26","269.86"
"2022/10/02 09:05","27.00","5.00","4.00","6.00","436.00","0.016","0.020","28.59","69.36","270.31"
"2022/10/02 09:06","27.00","5.00","4.00","6.00","434.00","0.018","0.020","28.58","69.36","270.60"
"2022/10/02 09:07","27.00","5.00","4.00","6.00","438.00","0.016","0.020","28.56","69.22","270.95"
"2022/10/02 09:08","27.00","5.00","4.00","6.00","437.00","0.016","0.020","28.56","69.32","271.30"
"2022/10/02 09:09","27.00","5.00","4.00","6.00","433.00","0.017","0.020","28.55","69.27","271.52"
"2022/10/02 09:10","27.00","5.00","4.00","6.00","433.00","0.015","0.020","28.56","69.12","271.68"
"2022/10/02 09:11","26.00","5.00","4.00","6.00","430.00","0.016","0.020","28.55","69.17","271.74"
"2022/10/02 09:12","26.00","6.00","4.00","6.00","431.00","0.016","0.020","28.55","69.29","271.78"
"2022/10/02 09:13","27.00","5.00","4.00","7.00","433.00","0.018","0.020","28.55","69.19","272.03"
"2022/10/02 09:14","27.00","5.00","4.00","6.00","434.00","0.017","0.020","28.55","69.12","272.59"
"2022/10/02 09:15","27.00","4.00","4.00","6.00","432.00","0.016","0.020","28.52","69.11","272.61"
"2022/10/02 09:16","26.00","5.00","4.00","6.00","431.00","0.016","0.020","28.53","69.24","272.51"
"2022/10/02 09:17","26.00","5.00","4.00","6.00","431.00","0.017","0.020","28.53","69.20","272.38"
"2022/10/02 09:18","26.00","4.00","4.00","6.00","430.00","0.016","0.020","28.52","69.20","272.28"
"2022/10/02 09:19","26.00","5.00","4.00","6.00","430.00","0.016","0.020","28.56","69.21","272.23"
"2022/10/02 09:20","26.00","5.00","4.00","6.00","430.00","0.018","0.023","28.53","69.19","272.16"
"2022/10/02 09:21","27.00","4.00","4.00","6.00","432.00","0.019","0.028","28.52","69.14","272.11"
"2022/10/02 09:22","27.00","5.00","4.00","6.00","435.00","0.016","0.020","28.52","69.24","272.10"
"2022/10/02 09:23","27.00","4.00","4.00","6.00","435.00","0.017","0.022","28.52","69.25","272.13"
"2022/10/02 09:24","27.00","5.00","4.00","6.00","434.00","0.018","0.023","28.53","69.29","272.10"
"2022/10/02 09:25","27.00","5.00","4.00","6.00","435.00","0.017","0.024","28.56","69.32","272.18"
"2022/10/02 09:26","27.00","5.00","4.00","6.00","434.00","0.017","0.020","28.55","69.29","272.25"
"2022/10/02 09:27","27.00","4.00","4.00","6.00","433.00","0.018","0.024","28.55","69.24","272.26"
"2022/10/02 09:28","27.00","4.00","4.00","5.00","432.00","0.019","0.030","28.55","69.21","272.12"
"2022/10/02 09:29","26.00","5.00","4.00","5.00","428.00","0.018","0.024","28.53","69.28","271.03"
"2022/10/02 09:30","26.00","6.00","4.00","5.00","427.00","0.019","0.030","28.52","69.25","269.99"
"2022/10/02 09:31","26.00","5.00","4.00","5.00","429.00","0.021","0.032","28.52","69.26","269.01"
"2022/10/02 09:32","27.00","4.00","4.00","5.00","433.00","0.020","0.037","28.51","69.19","268.16"
"2022/10/02 09:33","27.00","5.00","4.00","5.00","438.00","0.021","0.035","28.49","69.26","267.58"
"2022/10/02 09:34","27.00","6.00","4.00","6.00","438.00","0.022","0.039","28.48","69.29","267.20"
"2022/10/02 09:35","27.00","5.00","4.00","6.00","439.00","0.023","0.044","28.51","69.28","267.71"
"2022/10/02 09:36","27.00","6.00","4.00","6.00","439.00","0.022","0.043","28.49","69.29","268.17"
"2022/10/02 09:37","27.00","5.00","4.00","6.00","440.00","0.026","0.062","28.48","69.27","268.64"
"2022/10/02 09:38","27.00","6.00","4.00","6.00","439.00","0.023","0.055","28.48","69.29","268.93"
"2022/10/02 09:39","27.00","5.00","4.00","7.00","443.00","0.021","0.055","28.49","69.32","270.33"
"2022/10/02 09:40","27.00","5.00","4.00","6.00","446.00","0.022","0.050","28.48","69.29","270.99"
"2022/10/02 09:41","27.00","5.00","4.00","7.00","447.00","0.025","0.056","28.49","69.27","272.20"
"2022/10/02 09:42","27.00","5.00","4.00","7.00","444.00","0.021","0.058","28.49","69.33","273.39"
"2022/10/02 09:43","27.00","6.00","5.00","7.00","443.00","0.023","0.059","28.49","69.33","274.44"
"2022/10/02 09:44","27.00","6.00","5.00","7.00","443.00","0.024","0.061","28.48","69.31","275.21"
"2022/10/02 09:45","27.00","5.00","5.00","7.00","442.00","0.023","0.059","28.48","69.32","276.06"
"2022/10/02 09:46","27.00","5.00","5.00","7.00","444.00","0.023","0.058","28.49","69.38","276.84"
"2022/10/02 09:47","27.00","6.00","5.00","7.00","443.00","0.022","0.059","28.51","69.35","277.53"
"2022/10/02 09:48","27.00","6.00","5.00","7.00","443.00","0.022","0.056","28.52","69.38","278.22"
"2022/10/02 09:49","27.00","5.00","5.00","7.00","444.00","0.021","0.059","28.51","69.32","278.79"
"2022/10/02 09:50","27.00","5.00","5.00","7.00","442.00","0.023","0.057","28.52","69.31","279.40"
"2022/10/02 09:51","27.00","5.00","5.00","7.00","444.00","0.023","0.059","28.53","69.26","279.96"
"2022/10/02 09:52","27.00","6.00","5.00","7.00","445.00","0.023","0.061","28.52","69.33","280.51"
"2022/10/02 09:53","27.00","5.00","5.00","6.00","444.00","0.021","0.056","28.53","69.31","280.04"
"2022/10/02 09:54","27.00","5.00","5.00","7.00","443.00","0.023","0.059","28.52","69.34","279.84"
"2022/10/02 09:55","27.00","5.00","5.00","7.00","442.00","0.020","0.056","28.53","69.26","280.35"
"2022/10/02 09:56","27.00","6.00","5.00","7.00","442.00","0.022","0.060","28.53","69.26","280.91"
"2022/10/02 09:57","27.00","5.00","5.00","7.00","439.00","0.022","0.057","28.55","69.21","281.34"
"2022/10/02 09:58","27.00","6.00","5.00","6.00","439.00","0.022","0.057","28.56","69.22","280.88"
"2022/10/02 09:59","27.00","5.00","5.00","7.00","436.00","0.021","0.057","28.56","69.15","281.73"
"2022/10/02 10:00","27.00","6.00","5.00","7.00","436.00","0.021","0.060","28.55","69.15","282.00"
"2022/10/02 10:01","27.00","6.00","5.00","7.00","439.00","0.024","0.058","28.52","69.18","282.26"
"2022/10/02 10:02","27.00","6.00","5.00","8.00","439.00","0.020","0.053","28.53","69.10","282.90"
"2022/10/02 10:03","27.00","6.00","5.00","8.00","438.00","0.022","0.058","28.55","69.13","284.13"
"2022/10/02 10:04","27.00","5.00","5.00","7.00","438.00","0.019","0.058","28.55","69.03","284.58"
"2022/10/02 10:05","27.00","6.00","5.00","7.00","438.00","0.023","0.057","28.55","69.10","284.64"
"2022/10/02 10:06","27.00","4.00","5.00","7.00","436.00","0.021","0.057","28.56","69.10","284.73"
"2022/10/02 10:07","27.00","6.00","5.00","7.00","437.00","0.023","0.064","28.58","69.07","284.81"
"2022/10/02 10:08","27.00","6.00","5.00","7.00","441.00","0.022","0.058","28.56","69.01","284.98"
"2022/10/02 10:09","27.00","6.00","5.00","7.00","440.00","0.020","0.056","28.59","68.95","285.26"
"2022/10/02 10:10","27.00","6.00","5.00","7.00","440.00","0.021","0.056","28.59","68.89","285.47"
"2022/10/02 10:11","27.00","6.00","5.00","8.00","444.00","0.021","0.062","28.59","68.88","287.78"
"2022/10/02 10:12","27.00","5.00","5.00","7.00","441.00","0.020","0.055","28.61","68.94","288.10"
"2022/10/02 10:13","27.00","6.00","5.00","7.00","441.00","0.022","0.060","28.62","68.90","288.21"
"2022/10/02 10:14","27.00","6.00","5.00","7.00","440.00","0.022","0.061","28.61","68.85","288.31"
"2022/10/02 10:15","27.00","5.00","5.00","7.00","438.00","0.022","0.064","28.62","68.85","288.29"
"2022/10/02 10:16","27.00","5.00","5.00","7.00","437.00","0.021","0.056","28.62","68.80","288.29"
"2022/10/02 10:17","27.00","5.00","5.00","7.00","435.00","0.020","0.054","28.62","68.75","288.26"
"2022/10/02 10:18","27.00","6.00","5.00","7.00","434.00","0.022","0.057","28.61","68.78","288.14"
"2022/10/02 10:19","27.00","5.00","5.00","6.00","433.00","0.018","0.052","28.61","68.64","287.56"
"2022/10/02 10:20","27.00","6.00","5.00","7.00","433.00","0.019","0.053","28.58","68.62","287.03"
"2022/10/02 10:21","26.00","5.00","5.00","6.00","431.00","0.017","0.049","28.63","68.52","286.20"
"2022/10/02 10:22","27.00","5.00","5.00","6.00","432.00","0.016","0.049","28.62","68.45","285.31"
"2022/10/02 10:23","27.00","5.00","5.00","6.00","433.00","0.016","0.049","28.67","68.40","284.60"
"2022/10/02 10:24","27.00","5.00","5.00","6.00","432.00","0.015","0.046","28.66","68.26","284.06"
"2022/10/02 10:25","26.00","5.00","5.00","6.00","428.00","0.016","0.044","28.67","68.19","283.56"
"2022/10/02 10:26","26.00","5.00","5.00","6.00","426.00","0.016","0.042","28.72","68.14","283.13"
"2022/10/02 10:27","26.00","6.00","5.00","6.00","425.00","0.016","0.046","28.72","68.06","282.81"
"2022/10/02 10:28","26.00","5.00","5.00","6.00","426.00","0.017","0.041","28.73","68.05","282.67"
"2022/10/02 10:29","26.00","5.00","5.00","6.00","429.00","0.016","0.042","28.73","68.00","282.51"
"2022/10/02 10:30","26.00","5.00","5.00","6.00","427.00","0.016","0.039","28.74","67.89","282.37"
"2022/10/02 10:31","26.00","5.00","5.00","6.00","427.00","0.016","0.043","28.74","67.84","282.21"
"2022/10/02 10:32","26.00","6.00","5.00","6.00","428.00","0.016","0.040","28.72","67.81","282.09"
"2022/10/02 10:33","26.00","5.00","5.00","6.00","428.00","0.015","0.038","28.73","67.73","282.03"
"2022/10/02 10:34","26.00","5.00","5.00","6.00","430.00","0.018","0.041","28.73","67.79","281.99"
"2022/10/02 10:35","26.00","4.00","5.00","6.00","430.00","0.016","0.040","28.73","67.59","282.06"
"2022/10/02 10:36","26.00","5.00","5.00","7.00","429.00","0.017","0.039","28.73","67.66","282.22"
"2022/10/02 10:37","26.00","4.00","5.00","6.00","426.00","0.017","0.037","28.74","67.66","282.78"
"2022/10/02 10:38","26.00","6.00","5.00","6.00","427.00","0.018","0.038","28.73","67.62","282.66"
"2022/10/02 10:39","26.00","5.00","5.00","6.00","426.00","0.019","0.041","28.72","67.66","282.50"
"2022/10/02 10:40","26.00","5.00","5.00","6.00","427.00","0.016","0.040","28.72","67.58","282.34"
"2022/10/02 10:41","26.00","5.00","5.00","6.00","427.00","0.020","0.036","28.69","67.74","282.16"
"2022/10/02 10:42","26.00","5.00","5.00","6.00","428.00","0.017","0.041","28.67","67.65","281.97"
"2022/10/02 10:43","26.00","5.00","5.00","6.00","426.00","0.017","0.042","28.67","67.64","281.74"
"2022/10/02 10:44","26.00","5.00","5.00","6.00","427.00","0.019","0.040","28.67","67.71","281.50"
"2022/10/02 10:45","26.00","5.00","5.00","6.00","427.00","0.017","0.043","28.66","67.63","281.27"
"2022/10/02 10:46","26.00","4.00","5.00","6.00","427.00","0.017","0.038","28.66","67.68","281.08"
"2022/10/02 10:47","26.00","6.00","5.00","6.00","426.00","0.017","0.042","28.67","67.60","280.95"
"2022/10/02 10:48","26.00","5.00","5.00","6.00","423.00","0.018","0.038","28.67","67.66","280.72"
"2022/10/02 10:49","26.00","5.00","5.00","6.00","424.00","0.016","0.038","28.72","67.56","280.53"
"2022/10/02 10:50","26.00","5.00","5.00","7.00","423.00","0.019","0.037","28.67","67.56","281.32"
"2022/10/02 10:51","26.00","6.00","5.00","6.00","425.00","0.016","0.033","28.65","67.48","281.05"
"2022/10/02 10:52","26.00","6.00","5.00","6.00","426.00","0.017","0.035","28.66","67.50","280.82"
"2022/10/02 10:53","26.00","5.00","5.00","6.00","423.00","0.018","0.037","28.65","67.58","280.60"
"2022/10/02 10:54","26.00","5.00","5.00","6.00","425.00","0.019","0.036","28.63","67.55","280.28"
"2022/10/02 10:55","26.00","5.00","5.00","6.00","423.00","0.015","0.033","28.61","67.39","280.02"
"2022/10/02 10:56","26.00","6.00","5.00","6.00","424.00","0.020","0.039","28.59","67.47","279.69"
"2022/10/02 10:57","26.00","6.00","5.00","7.00","425.00","0.019","0.038","28.56","67.56","280.23"
"2022/10/02 10:58","26.00","5.00","5.00","6.00","429.00","0.020","0.039","28.56","67.63","280.48"
"2022/10/02 10:59","26.00","6.00","5.00","7.00","430.00","0.020","0.042","28.55","67.66","280.66"
"2022/10/02 11:00","27.00","5.00","5.00","7.00","432.00","0.019","0.044","28.55","67.64","281.28"
"2022/10/02 11:01","26.00","5.00","5.00","7.00","431.00","0.018","0.038","28.56","67.60","281.94"
"2022/10/02 11:02","26.00","6.00","5.00","6.00","431.00","0.020","0.040","28.58","67.62","281.65"
"2022/10/02 11:03","26.00","5.00","5.00","6.00","430.00","0.017","0.038","28.61","67.58","281.28"
"2022/10/02 11:04","26.00","6.00","5.00","6.00","427.00","0.016","0.033","28.63","67.59","280.99"
"2022/10/02 11:05","26.00","5.00","5.00","6.00","427.00","0.016","0.039","28.63","67.53","280.68"
"2022/10/02 11:06","26.00","6.00","5.00","6.00","426.00","0.018","0.041","28.63","67.48","280.48"
"2022/10/02 11:07","26.00","5.00","5.00","6.00","427.00","0.019","0.042","28.65","67.39","280.34"
"2022/10/02 11:08","26.00","4.00","5.00","6.00","427.00","0.018","0.043","28.65","67.39","280.23"
"2022/10/02 11:09","26.00","5.00","5.00","6.00","428.00","0.016","0.039","28.69","67.41","280.21"
"2022/10/02 11:10","26.00","6.00","5.00","7.00","426.00","0.016","0.040","28.70","67.32","281.24"
"2022/10/02 11:11","26.00","5.00","5.00","6.00","430.00","0.016","0.044","28.67","67.30","281.55"
"2022/10/02 11:12","26.00","5.00","5.00","7.00","428.00","0.018","0.043","28.70","67.25","282.38"
"2022/10/02 11:13","26.00","6.00","5.00","7.00","426.00","0.017","0.043","28.72","67.21","283.28"
"2022/10/02 11:14","26.00","5.00","5.00","7.00","425.00","0.019","0.042","28.70","67.21","284.05"
"2022/10/02 11:15","26.00","5.00","5.00","6.00","424.00","0.017","0.043","28.70","67.14","283.95"
"2022/10/02 11:16","26.00","5.00","5.00","6.00","424.00","0.017","0.040","28.67","67.15","283.60"
"2022/10/02 11:17","26.00","6.00","5.00","6.00","422.00","0.017","0.044","28.70","67.08","283.33"
"2022/10/02 11:18","26.00","6.00","5.00","6.00","420.00","0.021","0.043","28.67","67.10","282.95"
"2022/10/02 11:19","26.00","6.00","5.00","8.00","421.00","0.017","0.044","28.67","66.95","284.05"
"2022/10/02 11:20","26.00","5.00","5.00","7.00","427.00","0.021","0.048","28.65","67.06","285.23"
"2022/10/02 11:21","26.00","6.00","5.00","7.00","426.00","0.017","0.049","28.67","66.96","285.77"
"2022/10/02 11:22","26.00","6.00","5.00","7.00","427.00","0.017","0.046","28.67","67.01","285.86"
"2022/10/02 11:23","26.00","6.00","5.00","7.00","427.00","0.017","0.046","28.67","67.01","285.86"
"2022/10/02 11:24","26.00","6.00","5.00","7.00","427.00","0.017","0.046","28.67","67.01","285.86"
"2022/10/02 11:25","26.00","6.00","5.00","7.00","427.00","0.017","0.046","28.67","67.01","285.86"
"2022/10/02 11:26","26.00","6.00","5.00","7.00","427.00","0.017","0.046","28.67","67.01","285.86"
"2022/10/02 11:27","26.00","6.00","5.00","7.00","427.00","0.017","0.046","28.67","67.01","285.86"
"2022/10/02 11:29","26.00","5.00","6.00","8.00","427.00","0.019","0.051","28.65","66.99","301.45"
"2022/10/02 11:30","26.00","5.00","6.00","7.00","428.00","0.019","0.053","28.65","66.95","295.87"
"2022/10/02 11:31","26.00","6.00","6.00","7.00","430.00","0.020","0.055","28.66","66.85","294.34"
"2022/10/02 11:32","27.00","6.00","6.00","7.00","433.00","0.021","0.055","28.63","66.89","293.81"
"2022/10/02 11:33","27.00","6.00","6.00","7.00","433.00","0.020","0.055","28.62","66.80","293.52"
"2022/10/02 11:34","27.00","7.00","6.00","8.00","434.00","0.021","0.058","28.63","66.95","293.77"
"2022/10/02 11:35","27.00","6.00","6.00","7.00","434.00","0.021","0.057","28.63","66.89","294.15"
"2022/10/02 11:36","27.00","6.00","6.00","7.00","435.00","0.021","0.056","28.61","66.83","294.02"
"2022/10/02 11:37","27.00","7.00","6.00","7.00","437.00","0.020","0.056","28.65","66.81","294.01"
"2022/10/02 11:38","27.00","6.00","6.00","7.00","438.00","0.020","0.060","28.65","66.75","294.03"
"2022/10/02 11:39","27.00","6.00","6.00","7.00","441.00","0.021","0.061","28.63","66.73","294.08"
"2022/10/02 11:40","27.00","6.00","6.00","7.00","438.00","0.022","0.058","28.62","66.68","294.15"
"2022/10/02 11:41","27.00","7.00","6.00","7.00","437.00","0.022","0.061","28.62","66.68","294.14"
"2022/10/02 11:42","27.00","5.00","6.00","7.00","439.00","0.020","0.059","28.66","66.53","294.26"
"2022/10/02 11:43","27.00","6.00","6.00","7.00","438.00","0.019","0.055","28.66","66.62","294.38"
"2022/10/02 11:44","27.00","6.00","6.00","7.00","438.00","0.020","0.058","28.67","66.54","294.50"
"2022/10/02 11:45","27.00","7.00","6.00","8.00","440.00","0.021","0.062","28.67","66.52","294.99"
"2022/10/02 11:46","27.00","7.00","6.00","8.00","442.00","0.021","0.059","28.69","66.48","296.17"
"2022/10/02 11:47","27.00","7.00","6.00","8.00","442.00","0.020","0.058","28.66","66.37","297.25"
"2022/10/02 11:48","27.00","7.00","6.00","8.00","441.00","0.019","0.059","28.66","66.29","298.24"
"2022/10/02 11:49","27.00","8.00","6.00","8.00","441.00","0.020","0.055","28.66","66.37","299.16"
"2022/10/02 11:50","27.00","7.00","6.00","8.00","438.00","0.019","0.056","28.70","66.33","299.82"
"2022/10/02 11:51","27.00","6.00","6.00","8.00","437.00","0.017","0.056","28.66","66.21","300.51"
"2022/10/02 11:52","27.00","6.00","6.00","8.00","436.00","0.017","0.054","28.66","66.14","301.12"
"2022/10/02 11:53","27.00","6.00","6.00","8.00","435.00","0.020","0.056","28.67","66.21","301.60"
"2022/10/02 11:54","27.00","7.00","6.00","8.00","434.00","0.018","0.055","28.67","66.21","302.06"
"2022/10/02 11:55","27.00","7.00","6.00","8.00","436.00","0.019","0.056","28.69","66.23","302.46"
"2022/10/02 11:56","27.00","7.00","6.00","8.00","436.00","0.017","0.058","28.72","66.20","302.99"
"2022/10/02 11:57","27.00","6.00","6.00","8.00","434.00","0.017","0.057","28.72","66.02","303.45"
"2022/10/02 11:58","27.00","7.00","6.00","8.00","433.00","0.019","0.059","28.70","66.04","303.84"
"2022/10/02 11:59","27.00","6.00","6.00","8.00","434.00","0.019","0.057","28.74","66.08","304.26"
"2022/10/02 12:00","27.00","9.00","7.00","9.00","436.00","0.018","0.051","28.76","66.02","304.84"
"2022/10/02 12:01","27.00","7.00","7.00","9.00","436.00","0.017","0.057","28.76","65.89","306.40"
"2022/10/02 12:02","27.00","7.00","7.00","7.00","436.00","0.017","0.058","28.76","65.87","306.83"
"2022/10/02 12:03","27.00","8.00","7.00","7.00","437.00","0.019","0.056","28.77","65.82","306.27"
"2022/10/02 12:04","27.00","6.00","7.00","8.00","438.00","0.017","0.059","28.80","65.81","306.18"
"2022/10/02 12:05","27.00","8.00","7.00","8.00","439.00","0.017","0.056","28.80","65.66","306.82"
"2022/10/02 12:06","27.00","7.00","7.00","8.00","439.00","0.017","0.058","28.79","65.65","307.32"
"2022/10/02 12:07","27.00","8.00","7.00","9.00","437.00","0.018","0.060","28.82","65.64","308.03"
"2022/10/02 12:08","27.00","6.00","7.00","9.00","436.00","0.019","0.056","28.79","65.73","309.43"
"2022/10/02 12:09","27.00","7.00","7.00","9.00","436.00","0.017","0.056","28.76","65.63","310.63"
"2022/10/02 12:10","27.00","7.00","7.00","9.00","434.00","0.018","0.057","28.79","65.69","311.57"
"2022/10/02 12:11","27.00","8.00","7.00","10.00","435.00","0.017","0.049","28.79","65.70","313.08"
"2022/10/02 12:12","27.00","6.00","7.00","9.00","432.00","0.017","0.057","28.79","65.70","314.44"
"2022/10/02 12:13","26.00","7.00","7.00","10.00","431.00","0.016","0.053","28.80","65.63","315.37"
"2022/10/02 12:14","27.00","8.00","8.00","10.00","432.00","0.016","0.053","28.82","65.47","317.11"
"2022/10/02 12:15","26.00","9.00","8.00","11.00","430.00","0.017","0.057","28.84","65.46","318.95"
"2022/10/02 12:16","26.00","7.00","8.00","9.00","427.00","0.016","0.055","28.84","65.31","320.31"
"2022/10/02 12:17","26.00","8.00","8.00","10.00","427.00","0.015","0.055","28.82","65.21","320.70"
"2022/10/02 12:18","26.00","7.00","8.00","10.00","425.00","0.017","0.052","28.83","65.31","321.85"
"2022/10/02 12:19","26.00","8.00","8.00","10.00","428.00","0.016","0.053","28.83","65.25","322.93"
"2022/10/02 12:20","26.00","8.00","8.00","10.00","430.00","0.016","0.054","28.83","65.21","323.80"
"2022/10/02 12:21","26.00","8.00","8.00","10.00","431.00","0.017","0.053","28.84","65.26","324.32"
"2022/10/02 12:22","26.00","7.00","8.00","11.00","430.00","0.017","0.052","28.82","65.16","325.81"
"2022/10/02 12:23","26.00","8.00","8.00","11.00","428.00","0.016","0.058","28.83","65.08","327.61"
"2022/10/02 12:24","26.00","9.00","8.00","10.00","431.00","0.016","0.048","28.83","65.02","328.78"
"2022/10/02 12:25","27.00","8.00","8.00","10.00","434.00","0.017","0.054","28.82","65.07","329.44"
"2022/10/02 12:26","27.00","8.00","8.00","10.00","435.00","0.017","0.052","28.84","65.11","330.05"
"2022/10/02 12:27","27.00","8.00","8.00","10.00","435.00","0.015","0.053","28.86","65.05","330.60"
"2022/10/02 12:28","27.00","8.00","8.00","10.00","435.00","0.017","0.053","28.86","65.10","331.21"
"2022/10/02 12:29","27.00","8.00","8.00","10.00","436.00","0.016","0.053","28.84","65.06","331.80"
"2022/10/02 12:30","27.00","8.00","8.00","10.00","436.00","0.015","0.052","28.87","64.83","332.75"
"2022/10/02 12:31","27.00","8.00","8.00","11.00","438.00","0.016","0.053","28.84","64.84","333.30"
"2022/10/02 12:32","27.00","8.00","8.00","10.00","438.00","0.017","0.056","28.83","64.78","333.73"
"2022/10/02 12:33","27.00","8.00","8.00","10.00","438.00","0.019","0.056","28.84","64.89","334.17"
"2022/10/02 12:34","27.00","7.00","8.00","10.00","436.00","0.017","0.053","28.87","64.85","334.64"
"2022/10/02 12:35","27.00","9.00","8.00","10.00","435.00","0.016","0.058","28.87","64.71","335.01"
"2022/10/02 12:36","27.00","8.00","8.00","10.00","434.00","0.017","0.057","28.89","64.70","335.27"
"2022/10/02 12:37","27.00","9.00","8.00","10.00","436.00","0.018","0.057","28.86","64.73","335.53"
"2022/10/02 12:38","30.00","9.00","9.00","11.00","432.00","0.019","0.059","28.89","64.77","336.29"
"2022/10/02 12:39","30.00","9.00","9.00","10.00","430.00","0.018","0.058","28.86","64.75","336.72"
"2022/10/02 12:40","30.00","9.00","9.00","11.00","429.00","0.018","0.058","28.90","64.77","337.26"
"2022/10/02 12:41","30.00","9.00","9.00","11.00","430.00","0.019","0.058","28.90","64.89","338.10"
"2022/10/02 12:42","33.00","11.00","10.00","11.00","432.00","0.018","0.060","28.90","65.00","339.04"
"2022/10/02 12:43","33.00","10.00","10.00","11.00","431.00","0.016","0.056","28.91","64.97","339.91"
"2022/10/02 12:44","33.00","8.00","10.00","11.00","430.00","0.018","0.056","28.90","65.06","340.65"
"2022/10/02 12:45","33.00","9.00","10.00","11.00","430.00","0.019","0.059","28.91","65.25","341.31"
"2022/10/02 12:46","33.00","9.00","10.00","12.00","430.00","0.016","0.058","28.93","65.20","342.54"
"2022/10/02 12:47","33.00","9.00","10.00","11.00","431.00","0.017","0.059","28.94","65.18","343.24"
"2022/10/02 12:48","33.00","10.00","10.00","11.00","431.00","0.019","0.058","28.91","65.37","343.67"
"2022/10/02 12:49","33.00","10.00","10.00","13.00","432.00","0.019","0.056","28.94","65.53","345.58"
"2022/10/02 12:50","36.00","9.00","11.00","12.00","434.00","0.016","0.056","28.97","65.61","347.73"
"2022/10/02 12:51","36.00","9.00","11.00","13.00","433.00","0.016","0.058","28.97","65.61","349.38"
"2022/10/02 12:52","36.00","10.00","11.00","13.00","432.00","0.017","0.060","28.97","65.62","351.37"
"2022/10/02 12:53","36.00","10.00","11.00","13.00","432.00","0.017","0.058","28.96","65.76","353.19"
"2022/10/02 12:54","36.00","9.00","11.00","12.00","430.00","0.016","0.056","28.99","65.68","353.98"
"2022/10/02 12:55","36.00","10.00","11.00","12.00","429.00","0.020","0.057","28.99","65.97","354.37"
"2022/10/02 12:56","36.00","10.00","11.00","12.00","429.00","0.018","0.055","28.97","65.96","354.70"
"2022/10/02 12:57","36.00","10.00","11.00","12.00","430.00","0.017","0.055","28.97","66.01","354.99"
"2022/10/02 12:58","36.00","10.00","11.00","13.00","433.00","0.016","0.058","29.00","66.02","356.32"
"2022/10/02 12:59","36.00","10.00","11.00","13.00","435.00","0.017","0.060","28.99","66.13","357.42"
"2022/10/02 13:00","36.00","11.00","11.00","13.00","436.00","0.020","0.057","28.97","66.57","358.57"
"2022/10/02 13:01","36.00","11.00","11.00","13.00","434.00","0.020","0.057","28.96","66.51","359.61"
"2022/10/02 13:02","36.00","11.00","11.00","14.00","436.00","0.017","0.055","28.96","66.51","360.84"
"2022/10/02 13:03","36.00","10.00","11.00","13.00","436.00","0.019","0.058","28.94","66.83","362.00"
"2022/10/02 13:04","36.00","10.00","11.00","14.00","434.00","0.017","0.059","28.96","66.66","362.88"
"2022/10/02 13:05","40.00","12.00","12.00","14.00","434.00","0.020","0.053","28.90","67.21","364.13"
"2022/10/02 13:06","40.00","11.00","12.00","14.00","436.00","0.017","0.058","28.87","67.15","365.18"
"2022/10/02 13:07","40.00","10.00","12.00","13.00","434.00","0.017","0.051","28.89","67.32","365.53"
"2022/10/02 13:08","40.00","11.00","12.00","13.00","434.00","0.017","0.057","28.91","67.46","365.39"
"2022/10/02 13:09","40.00","12.00","12.00","14.00","436.00","0.019","0.053","28.91","67.80","365.79"
"2022/10/02 13:10","40.00","10.00","12.00","13.00","434.00","0.016","0.055","28.91","67.74","366.40"
"2022/10/02 13:11","40.00","10.00","12.00","14.00","432.00","0.017","0.048","28.91","67.96","366.76"
"2022/10/02 13:12","40.00","11.00","12.00","14.00","433.00","0.017","0.050","28.91","68.04","367.39"
"2022/10/02 13:13","40.00","10.00","12.00","14.00","432.00","0.015","0.050","28.91","67.98","367.86"
"2022/10/02 13:14","40.00","11.00","12.00","14.00","433.00","0.015","0.050","28.94","68.05","368.41"
"2022/10/02 13:15","40.00","12.00","12.00","14.00","434.00","0.016","0.050","28.96","68.13","368.45"
"2022/10/02 13:16","43.00","12.00","13.00","15.00","435.00","0.016","0.051","28.97","68.23","369.91"
"2022/10/02 13:17","43.00","11.00","13.00","15.00","434.00","0.015","0.049","29.00","68.25","371.44"
"2022/10/02 13:18","43.00","12.00","13.00","17.00","433.00","0.016","0.049","29.04","68.22","374.02"
"2022/10/02 13:19","43.00","12.00","13.00","14.00","433.00","0.015","0.047","29.07","68.31","374.82"
"2022/10/02 13:20","43.00","12.00","13.00","15.00","430.00","0.016","0.044","29.07","68.42","375.21"
"2022/10/02 13:21","43.00","12.00","13.00","15.00","429.00","0.015","0.045","29.07","68.38","376.37"
"2022/10/02 13:22","43.00","12.00","13.00","14.00","431.00","0.016","0.045","29.10","68.51","377.27"
"2022/10/02 13:23","43.00","12.00","13.00","14.00","431.00","0.014","0.046","29.09","68.47","377.28"
"2022/10/02 13:24","43.00","11.00","13.00","15.00","436.00","0.015","0.049","29.11","68.53","378.27"
"2022/10/02 13:25","43.00","11.00","13.00","16.00","435.00","0.015","0.046","29.11","68.53","380.09"
"2022/10/02 13:26","46.00","12.00","14.00","15.00","435.00","0.016","0.047","29.11","68.69","381.16"
"2022/10/02 13:27","46.00","13.00","14.00","15.00","436.00","0.016","0.045","29.11","68.79","381.93"
"2022/10/02 13:28","46.00","13.00","14.00","15.00","435.00","0.015","0.046","29.13","68.80","382.56"
"2022/10/02 13:29","46.00","11.00","14.00","15.00","434.00","0.015","0.045","29.13","68.80","383.22"
"2022/10/02 13:30","46.00","13.00","14.00","17.00","437.00","0.017","0.045","29.16","68.98","384.53"
"2022/10/02 13:31","46.00","12.00","14.00","15.00","433.00","0.015","0.040","29.16","68.95","386.40"
"2022/10/02 13:32","46.00","11.00","14.00","15.00","432.00","0.016","0.041","29.17","69.11","386.61"
"2022/10/02 13:33","46.00","11.00","14.00","15.00","435.00","0.015","0.042","29.17","69.01","386.92"
"2022/10/02 13:34","46.00","11.00","14.00","16.00","436.00","0.016","0.042","29.18","69.18","387.70"
"2022/10/02 13:35","46.00","11.00","14.00","17.00","436.00","0.017","0.043","29.17","69.34","389.59"
"2022/10/02 13:36","46.00","11.00","14.00","16.00","437.00","0.014","0.042","29.20","69.31","391.32"
"2022/10/02 13:37","46.00","12.00","14.00","16.00","438.00","0.014","0.040","29.22","69.38","392.19"
"2022/10/02 13:38","46.00","11.00","14.00","16.00","437.00","0.014","0.043","29.22","69.45","393.12"
"2022/10/02 13:39","46.00","14.00","14.00","17.00","438.00","0.014","0.043","29.24","69.41","394.21"
"2022/10/02 13:40","46.00","13.00","14.00","15.00","439.00","0.016","0.040","29.21","69.51","394.28"
"2022/10/02 13:41","46.00","13.00","14.00","15.00","442.00","0.016","0.048","29.21","69.60","394.08"
"2022/10/02 13:42","46.00","11.00","14.00","15.00","440.00","0.015","0.042","29.18","69.53","393.86"
"2022/10/02 13:43","46.00","12.00","14.00","15.00","437.00","0.016","0.047","29.20","69.60","393.54"
"2022/10/02 13:44","46.00","12.00","14.00","15.00","439.00","0.015","0.045","29.16","69.53","393.26"
"2022/10/02 13:45","46.00","12.00","14.00","15.00","437.00","0.015","0.047","29.18","69.61","392.91"
"2022/10/02 13:46","46.00","12.00","14.00","15.00","436.00","0.017","0.046","29.18","69.69","392.25"
"2022/10/02 13:47","46.00","13.00","14.00","16.00","434.00","0.016","0.050","29.17","69.74","392.23"
"2022/10/02 13:48","46.00","12.00","14.00","14.00","437.00","0.016","0.045","29.16","69.74","392.37"
"2022/10/02 13:49","46.00","13.00","14.00","15.00","436.00","0.016","0.046","29.16","69.79","391.79"
"2022/10/02 13:50","46.00","12.00","14.00","16.00","437.00","0.016","0.046","29.16","69.89","392.32"
"2022/10/02 13:51","46.00","12.00","14.00","16.00","437.00","0.017","0.046","29.11","69.92","392.89"
"2022/10/02 13:52","50.00","12.00","15.00","16.00","438.00","0.017","0.049","29.11","69.89","394.17"
"2022/10/02 13:53","46.00","13.00","14.00","15.00","439.00","0.016","0.050","29.13","70.01","393.56"
"2022/10/02 13:54","46.00","11.00","14.00","15.00","440.00","0.016","0.052","29.13","70.01","393.11"
"2022/10/02 13:55","46.00","12.00","14.00","15.00","441.00","0.016","0.051","29.13","70.04","392.60"
"2022/10/02 13:56","46.00","12.00","14.00","17.00","442.00","0.016","0.051","29.14","70.05","393.46"
"2022/10/02 13:57","46.00","11.00","14.00","17.00","439.00","0.016","0.048","29.14","70.06","394.96"
"2022/10/02 13:58","46.00","13.00","14.00","16.00","434.00","0.017","0.050","29.10","70.09","395.14"
"2022/10/02 13:59","46.00","12.00","14.00","16.00","433.00","0.017","0.052","29.11","70.08","395.16"
"2022/10/02 14:00","46.00","11.00","14.00","16.00","432.00","0.016","0.051","29.11","69.99","395.20"
"2022/10/02 14:01","46.00","11.00","14.00","15.00","433.00","0.019","0.054","29.11","70.08","393.77"
"2022/10/02 14:02","46.00","13.00","14.00","15.00","432.00","0.016","0.056","29.16","69.94","393.01"
"2022/10/02 14:03","46.00","12.00","14.00","15.00","432.00","0.019","0.053","29.16","70.11","392.43"
"2022/10/02 14:04","46.00","14.00","14.00","18.00","428.00","0.017","0.055","29.16","70.07","394.56"
"2022/10/02 14:05","46.00","12.00","14.00","16.00","429.00","0.017","0.053","29.14","70.08","395.60"
"2022/10/02 14:06","46.00","14.00","14.00","16.00","429.00","0.016","0.053","29.14","70.02","395.63"
"2022/10/02 14:07","46.00","12.00","14.00","15.00","432.00","0.018","0.056","29.17","70.13","394.79"
"2022/10/02 14:08","46.00","12.00","14.00","15.00","433.00","0.017","0.053","29.17","69.98","394.06"
"2022/10/02 14:09","46.00","12.00","14.00","15.00","434.00","0.017","0.056","29.20","69.96","393.48"
"2022/10/02 14:10","46.00","12.00","14.00","15.00","432.00","0.018","0.056","29.18","69.94","393.00"
"2022/10/02 14:11","46.00","12.00","14.00","16.00","433.00","0.017","0.055","29.18","70.02","393.48"
"2022/10/02 14:12","46.00","12.00","14.00","15.00","431.00","0.018","0.057","29.16","69.93","393.66"
"2022/10/02 14:13","46.00","13.00","14.00","15.00","433.00","0.019","0.058","29.16","69.98","393.04"
"2022/10/02 14:14","46.00","12.00","14.00","15.00","435.00","0.018","0.057","29.17","69.97","392.60"
"2022/10/02 14:15","46.00","13.00","14.00","15.00","438.00","0.017","0.051","29.17","69.96","392.21"
"2022/10/02 14:16","46.00","13.00","14.00","16.00","436.00","0.018","0.056","29.17","69.96","392.00"
"2022/10/02 14:17","46.00","10.00","14.00","14.00","437.00","0.019","0.058","29.17","69.97","392.18"
"2022/10/02 14:18","46.00","10.00","14.00","14.00","437.00","0.020","0.055","29.17","70.09","390.56"
"2022/10/02 14:19","43.00","12.00","13.00","13.00","438.00","0.018","0.053","29.18","70.10","389.06"
"2022/10/02 14:20","43.00","12.00","13.00","13.00","437.00","0.018","0.055","29.20","70.03","387.06"
"2022/10/02 14:21","43.00","11.00","13.00","13.00","436.00","0.017","0.057","29.18","70.08","385.20"
"2022/10/02 14:22","43.00","12.00","13.00","14.00","435.00","0.017","0.055","29.20","70.01","383.98"
"2022/10/02 14:23","43.00","11.00","13.00","15.00","434.00","0.017","0.056","29.20","70.03","383.70"
"2022/10/02 14:24","43.00","11.00","13.00","13.00","434.00","0.019","0.048","29.17","70.04","383.04"
"2022/10/02 14:25","43.00","11.00","13.00","14.00","433.00","0.017","0.052","29.21","69.93","381.72"
"2022/10/02 14:26","40.00","10.00","12.00","12.00","433.00","0.018","0.049","29.21","69.98","381.01"
"2022/10/02 14:27","40.00","10.00","12.00","12.00","430.00","0.017","0.051","29.21","69.91","379.05"
"2022/10/02 14:28","40.00","10.00","12.00","12.00","429.00","0.018","0.053","29.24","69.93","376.89"
"2022/10/02 14:29","36.00","11.00","11.00","12.00","429.00","0.019","0.055","29.20","69.91","375.38"
"2022/10/02 14:30","36.00","10.00","11.00","12.00","432.00","0.019","0.050","29.22","69.94","372.90"
"2022/10/02 14:31","36.00","9.00","11.00","12.00","433.00","0.017","0.050","29.24","69.83","371.45"
"2022/10/02 14:32","33.00","9.00","10.00","10.00","434.00","0.017","0.049","29.22","69.86","369.66"
"2022/10/02 14:33","33.00","11.00","10.00","12.00","436.00","0.018","0.051","29.24","69.88","368.08"
"2022/10/02 14:34","33.00","8.00","10.00","12.00","436.00","0.017","0.049","29.22","69.87","367.60"
"2022/10/02 14:35","36.00","9.00","11.00","12.00","437.00","0.018","0.050","29.21","69.82","367.09"
"2022/10/02 14:36","33.00","8.00","10.00","11.00","438.00","0.017","0.049","29.22","69.89","365.63"
"2022/10/02 14:37","33.00","8.00","10.00","10.00","436.00","0.016","0.044","29.22","69.84","364.08"
"2022/10/02 14:38","33.00","9.00","10.00","10.00","433.00","0.017","0.040","29.27","69.81","361.59"
"2022/10/02 14:39","33.00","9.00","10.00","10.00","428.00","0.017","0.049","29.30","69.76","359.27"
"2022/10/02 14:40","30.00","8.00","9.00","9.00","426.00","0.016","0.040","29.24","69.75","356.23"
"2022/10/02 14:41","26.00","8.00","8.00","8.00","428.00","0.017","0.041","29.25","69.73","353.29"
"2022/10/02 14:42","26.00","8.00","8.00","8.00","429.00","0.017","0.036","29.25","69.72","349.69"
"2022/10/02 14:43","26.00","7.00","8.00","9.00","428.00","0.017","0.038","29.25","69.74","347.06"
"2022/10/02 14:44","26.00","7.00","8.00","9.00","428.00","0.017","0.037","29.24","69.71","345.01"
"2022/10/02 14:45","26.00","6.00","8.00","9.00","428.00","0.018","0.034","29.25","69.73","343.10"
"2022/10/02 14:46","26.00","7.00","8.00","8.00","427.00","0.017","0.038","29.25","69.71","340.89"
"2022/10/02 14:47","26.00","7.00","8.00","8.00","430.00","0.017","0.036","29.24","69.66","338.49"
"2022/10/02 14:48","26.00","5.00","7.00","8.00","431.00","0.017","0.036","29.24","69.60","336.39"
"2022/10/02 14:49","26.00","6.00","7.00","8.00","430.00","0.018","0.032","29.27","69.63","334.52"
"2022/10/02 14:50","26.00","6.00","7.00","7.00","427.00","0.016","0.031","29.25","69.48","332.54"
"2022/10/02 14:51","26.00","5.00","7.00","7.00","427.00","0.016","0.031","29.24","69.48","329.89"
"2022/10/02 14:52","26.00","7.00","7.00","7.00","426.00","0.018","0.031","29.21","69.59","327.39"
"2022/10/02 14:53","26.00","6.00","7.00","7.00","423.00","0.017","0.027","29.21","69.55","325.06"
"2022/10/02 14:54","26.00","6.00","7.00","7.00","422.00","0.017","0.031","29.21","69.56","323.23"
"2022/10/02 14:55","26.00","6.00","7.00","7.00","422.00","0.017","0.034","29.24","69.55","321.21"
"2022/10/02 14:56","26.00","5.00","6.00","7.00","422.00","0.018","0.032","29.21","69.52","319.35"
"2022/10/02 14:57","26.00","5.00","6.00","6.00","423.00","0.017","0.030","29.21","69.45","316.71"
"2022/10/02 14:58","26.00","6.00","6.00","6.00","424.00","0.019","0.029","29.25","69.52","314.42"
"2022/10/02 14:59","26.00","6.00","6.00","6.00","423.00","0.017","0.028","29.24","69.50","312.34"
"2022/10/02 15:00","26.00","5.00","6.00","6.00","423.00","0.017","0.030","29.27","69.43","310.53"
"2022/10/02 15:01","26.00","5.00","6.00","7.00","423.00","0.018","0.030","29.22","69.43","309.75"
"2022/10/02 15:02","26.00","6.00","6.00","7.00","424.00","0.017","0.031","29.22","69.43","309.23"
"2022/10/02 15:03","26.00","4.00","6.00","6.00","423.00","0.019","0.033","29.21","69.44","308.24"
"2022/10/02 15:04","26.00","4.00","6.00","6.00","425.00","0.019","0.031","29.21","69.44","306.45"
"2022/10/02 15:05","26.00","6.00","6.00","7.00","426.00","0.019","0.027","29.21","69.46","306.02"
"2022/10/02 15:06","26.00","5.00","6.00","7.00","427.00","0.017","0.030","29.24","69.42","305.85"
"2022/10/02 15:07","26.00","5.00","6.00","7.00","424.00","0.018","0.030","29.24","69.43","305.61"
"2022/10/02 15:08","26.00","5.00","6.00","7.00","427.00","0.019","0.025","29.22","69.46","305.43"
"2022/10/02 15:09","26.00","4.00","5.00","5.00","428.00","0.017","0.027","29.24","69.48","304.68"
"2022/10/02 15:10","26.00","5.00","4.00","4.00","428.00","0.019","0.027","29.25","69.39","301.85"
"2022/10/02 15:11","26.00","5.00","4.00","5.00","428.00","0.019","0.027","29.24","69.38","299.77"
"2022/10/02 15:12","26.00","4.00","4.00","5.00","429.00","0.020","0.028","29.25","69.38","298.31"
"2022/10/02 15:13","26.00","4.00","4.00","5.00","426.00","0.019","0.028","29.25","69.39","296.95"
"2022/10/02 15:14","26.00","4.00","4.00","6.00","427.00","0.019","0.031","29.25","69.29","296.01"
"2022/10/02 15:15","26.00","4.00","4.00","6.00","425.00","0.020","0.029","29.25","69.34","295.84"
"2022/10/02 15:16","26.00","4.00","4.00","6.00","426.00","0.020","0.031","29.27","69.47","295.67"
"2022/10/02 15:17","26.00","4.00","4.00","5.00","425.00","0.019","0.028","29.27","69.39","294.51"
"2022/10/02 15:18","26.00","4.00","4.00","6.00","425.00","0.020","0.032","29.24","69.37","294.46"
"2022/10/02 15:19","26.00","3.00","4.00","6.00","425.00","0.021","0.033","29.27","69.39","294.41"
"2022/10/02 15:20","26.00","4.00","4.00","6.00","425.00","0.020","0.034","29.28","69.43","294.39"
"2022/10/02 15:21","26.00","5.00","4.00","6.00","424.00","0.020","0.029","29.28","69.48","294.37"
"2022/10/02 15:22","26.00","4.00","4.00","6.00","426.00","0.021","0.034","29.27","69.29","294.42"
"2022/10/02 15:23","26.00","4.00","4.00","6.00","425.00","0.021","0.033","29.25","69.41","294.37"
"2022/10/02 15:24","26.00","4.00","4.00","6.00","427.00","0.020","0.037","29.25","69.32","294.37"
"2022/10/02 15:25","26.00","4.00","4.00","5.00","428.00","0.023","0.034","29.27","69.43","294.07"
"2022/10/02 15:26","26.00","4.00","4.00","5.00","427.00","0.022","0.037","29.25","69.34","293.15"
"2022/10/02 15:27","26.00","4.00","4.00","6.00","427.00","0.023","0.036","29.25","69.37","292.97"
"2022/10/02 15:28","26.00","4.00","4.00","5.00","425.00","0.022","0.038","29.24","69.43","292.35"
"2022/10/02 15:29","26.00","3.00","4.00","5.00","425.00","0.023","0.042","29.27","69.50","291.49"
"2022/10/02 15:30","26.00","3.00","4.00","5.00","426.00","0.023","0.042","29.25","69.37","290.77"
"2022/10/02 15:31","26.00","3.00","4.00","5.00","429.00","0.023","0.041","29.27","69.52","290.18"
"2022/10/02 15:32","26.00","3.00","4.00","5.00","428.00","0.023","0.041","29.28","69.47","289.64"
"2022/10/02 15:33","26.00","3.00","4.00","5.00","429.00","0.023","0.039","29.25","69.53","289.12"
"2022/10/02 15:34","26.00","3.00","4.00","5.00","431.00","0.024","0.042","29.25","69.51","288.69"
"2022/10/02 15:35","26.00","4.00","4.00","4.00","428.00","0.024","0.046","29.30","69.51","287.55"
"2022/10/02 15:36","26.00","3.00","4.00","4.00","430.00","0.025","0.052","29.27","69.50","286.29"
"2022/10/02 15:37","26.00","4.00","4.00","4.00","431.00","0.023","0.049","29.28","69.47","285.27"
"2022/10/02 15:38","26.00","4.00","4.00","4.00","431.00","0.025","0.052","29.30","69.49","284.34"
"2022/10/02 15:39","26.00","3.00","4.00","4.00","431.00","0.025","0.051","29.28","69.47","283.46"
"2022/10/02 15:40","27.00","5.00","4.00","4.00","433.00","0.026","0.049","29.28","69.49","282.74"
"2022/10/02 15:41","27.00","3.00","4.00","4.00","434.00","0.025","0.051","29.27","69.55","282.24"
"2022/10/02 15:42","27.00","3.00","4.00","4.00","434.00","0.024","0.049","29.28","69.49","281.68"
"2022/10/02 15:43","27.00","3.00","4.00","4.00","432.00","0.027","0.053","29.28","69.42","281.13"
"2022/10/02 15:44","27.00","3.00","4.00","4.00","434.00","0.027","0.055","29.24","69.51","280.60"
"2022/10/02 15:45","27.00","4.00","4.00","4.00","435.00","0.026","0.056","29.25","69.56","280.15"
"2022/10/02 15:46","27.00","4.00","4.00","4.00","433.00","0.024","0.056","29.25","69.48","279.77"
"2022/10/02 15:47","27.00","4.00","4.00","4.00","435.00","0.025","0.054","29.25","69.43","279.33"
"2022/10/02 15:48","27.00","3.00","4.00","4.00","436.00","0.027","0.053","29.24","69.55","278.98"
"2022/10/02 15:49","27.00","4.00","4.00","4.00","434.00","0.024","0.055","29.28","69.64","278.60"
"2022/10/02 15:50","27.00","4.00","4.00","4.00","435.00","0.024","0.056","29.28","69.53","278.35"
"2022/10/02 15:51","27.00","3.00","4.00","4.00","437.00","0.024","0.050","29.31","69.51","278.29"
"2022/10/02 15:52","27.00","3.00","4.00","4.00","436.00","0.025","0.058","29.30","69.50","278.19"
"2022/10/02 15:53","27.00","4.00","4.00","4.00","434.00","0.025","0.056","29.30","69.39","278.07"
"2022/10/02 15:54","27.00","2.00","4.00","4.00","435.00","0.026","0.057","29.30","69.54","277.92"
"2022/10/02 15:55","27.00","3.00","4.00","4.00","435.00","0.024","0.054","29.28","69.49","277.80"
"2022/10/02 15:56","27.00","4.00","4.00","4.00","433.00","0.025","0.056","29.28","69.44","277.61"
"2022/10/02 15:57","26.00","3.00","4.00","4.00","431.00","0.026","0.059","29.27","69.47","277.84"
"2022/10/02 15:58","26.00","2.00","4.00","4.00","428.00","0.025","0.059","29.25","69.46","277.48"
"2022/10/02 15:59","26.00","3.00","4.00","4.00","428.00","0.027","0.061","29.27","69.48","277.10"
"2022/10/02 16:00","26.00","3.00","4.00","4.00","426.00","0.025","0.057","29.25","69.61","276.76"
"2022/10/02 16:01","26.00","3.00","4.00","4.00","428.00","0.025","0.058","29.30","69.50","276.46"
"2022/10/02 16:02","26.00","4.00","4.00","4.00","428.00","0.025","0.061","29.25","69.39","276.18"
"2022/10/02 16:03","26.00","4.00","4.00","4.00","430.00","0.025","0.060","29.24","69.48","275.89"
"2022/10/02 16:04","26.00","3.00","4.00","4.00","430.00","0.025","0.061","29.24","69.48","275.66"
"2022/10/02 16:05","26.00","3.00","4.00","4.00","431.00","0.027","0.063","29.24","69.51","275.49"
"2022/10/02 16:06","26.00","2.00","4.00","4.00","429.00","0.025","0.059","29.25","69.63","275.21"
"2022/10/02 16:07","26.00","4.00","4.00","4.00","430.00","0.025","0.060","29.24","69.52","275.03"
"2022/10/02 16:08","26.00","3.00","4.00","4.00","429.00","0.025","0.060","29.25","69.64","274.91"
"2022/10/02 16:09","26.00","3.00","4.00","4.00","427.00","0.024","0.058","29.28","69.65","274.82"
"2022/10/02 16:10","26.00","3.00","4.00","4.00","425.00","0.025","0.060","29.27","69.59","274.61"
"2022/10/02 16:11","26.00","3.00","4.00","4.00","429.00","0.025","0.060","29.27","69.55","274.54"
"2022/10/02 16:12","27.00","3.00","4.00","4.00","432.00","0.027","0.061","29.25","69.51","274.57"
"2022/10/02 16:13","26.00","3.00","4.00","4.00","430.00","0.027","0.056","29.25","69.62","274.49"
"2022/10/02 16:14","26.00","3.00","4.00","4.00","431.00","0.036","0.074","29.27","69.67","274.45"
"2022/10/02 16:15","27.00","3.00","4.00","4.00","435.00","0.032","0.075","29.30","69.61","274.52"
"2022/10/02 16:16","27.00","3.00","4.00","4.00","441.00","0.045","0.090","29.31","69.60","274.78"
"2022/10/02 16:17","27.00","3.00","4.00","4.00","442.00","0.025","0.081","29.32","69.52","275.19"
"2022/10/02 16:18","27.00","2.00","4.00","4.00","441.00","0.030","0.081","29.28","69.59","275.50"
"2022/10/02 16:19","27.00","3.00","4.00","4.00","442.00","0.028","0.081","29.27","69.59","275.78"
"2022/10/02 16:20","27.00","2.00","4.00","4.00","441.00","0.028","0.074","29.30","69.61","276.01"
"2022/10/02 16:21","27.00","3.00","4.00","4.00","439.00","0.028","0.076","29.25","69.56","276.15"
"2022/10/02 16:22","27.00","4.00","4.00","4.00","439.00","0.026","0.075","29.25","69.58","276.32"
"2022/10/02 16:23","27.00","4.00","4.00","4.00","438.00","0.027","0.073","29.28","69.55","276.38"
"2022/10/02 16:24","27.00","3.00","4.00","4.00","439.00","0.027","0.069","29.30","69.69","276.50"
"2022/10/02 16:25","27.00","3.00","3.00","3.00","437.00","0.025","0.068","29.32","69.62","275.64"
"2022/10/02 16:26","27.00","4.00","3.00","4.00","437.00","0.025","0.065","29.34","69.67","275.15"
"2022/10/02 16:27","27.00","3.00","3.00","4.00","437.00","0.024","0.063","29.32","69.64","275.44"
"2022/10/02 16:28","27.00","3.00","3.00","3.00","436.00","0.023","0.064","29.37","69.62","275.42"
"2022/10/02 16:29","27.00","3.00","3.00","4.00","433.00","0.024","0.059","29.37","69.57","274.88"
"2022/10/02 16:30","27.00","3.00","3.00","4.00","433.00","0.024","0.060","29.34","69.60","275.11"
"2022/10/02 16:31","27.00","3.00","3.00","4.00","437.00","0.024","0.062","29.34","69.51","275.45"
"2022/10/02 16:32","27.00","2.00","3.00","4.00","437.00","0.025","0.054","29.35","69.60","275.79"
"2022/10/02 16:33","27.00","3.00","3.00","4.00","436.00","0.026","0.059","29.35","69.56","276.09"
"2022/10/02 16:34","27.00","2.00","3.00","4.00","435.00","0.025","0.066","29.35","69.55","276.32"
"2022/10/02 16:35","27.00","3.00","3.00","3.00","433.00","0.026","0.063","29.37","69.61","275.77"
"2022/10/02 16:36","27.00","3.00","3.00","3.00","436.00","0.024","0.060","29.34","69.58","274.99"
"2022/10/02 16:37","27.00","2.00","3.00","3.00","439.00","0.023","0.055","29.34","69.61","274.38"
"2022/10/02 16:38","27.00","2.00","3.00","3.00","440.00","0.024","0.057","29.37","69.56","273.87"
"2022/10/02 16:39","27.00","3.00","3.00","3.00","442.00","0.023","0.057","29.35","69.57","273.46"
"2022/10/02 16:40","27.00","3.00","3.00","3.00","441.00","0.023","0.057","29.34","69.56","273.10"
"2022/10/02 16:41","27.00","3.00","3.00","3.00","442.00","0.023","0.053","29.37","69.61","272.80"
"2022/10/02 16:42","27.00","3.00","3.00","3.00","443.00","0.021","0.054","29.37","69.57","272.60"
"2022/10/02 16:43","27.00","3.00","3.00","3.00","440.00","0.021","0.057","29.37","69.53","272.41"
"2022/10/02 16:44","27.00","3.00","3.00","3.00","439.00","0.022","0.050","29.35","69.53","272.21"
"2022/10/02 16:45","27.00","3.00","3.00","3.00","438.00","0.021","0.048","29.34","69.52","271.99"
"2022/10/02 16:46","27.00","2.00","3.00","3.00","436.00","0.023","0.049","29.34","69.61","271.65"
"2022/10/02 16:47","27.00","3.00","3.00","3.00","433.00","0.024","0.054","29.34","69.55","271.22"
"2022/10/02 16:48","26.00","3.00","3.00","3.00","431.00","0.024","0.057","29.31","69.63","270.69"
"2022/10/02 16:49","26.00","3.00","3.00","3.00","430.00","0.025","0.062","29.31","69.57","270.16"
"2022/10/02 16:50","26.00","2.00","3.00","3.00","431.00","0.029","0.060","29.31","69.69","269.69"
"2022/10/02 16:51","26.00","3.00","3.00","3.00","429.00","0.024","0.062","29.30","69.66","269.23"
"2022/10/02 16:52","26.00","2.00","3.00","3.00","427.00","0.030","0.069","29.31","69.73","268.72"
"2022/10/02 16:53","26.00","3.00","3.00","3.00","428.00","0.022","0.066","29.32","69.66","268.27"
"2022/10/02 16:54","26.00","2.00","3.00","3.00","428.00","0.025","0.067","29.32","69.75","267.89"
"2022/10/02 16:55","26.00","2.00","3.00","4.00","427.00","0.021","0.066","29.30","69.64","268.18"
"2022/10/02 16:56","26.00","3.00","3.00","4.00","425.00","0.025","0.067","29.34","69.80","268.67"
"2022/10/02 16:57","26.00","2.00","3.00","4.00","428.00","0.023","0.064","29.32","69.79","269.19"
"2022/10/02 16:58","26.00","2.00","3.00","4.00","427.00","0.025","0.076","29.31","69.79","269.71"
"2022/10/02 16:59","26.00","3.00","3.00","3.00","427.00","0.023","0.068","29.34","69.77","269.33"
"2022/10/02 17:00","26.00","2.00","3.00","4.00","430.00","0.024","0.077","29.32","69.76","269.42"
"2022/10/02 17:01","26.00","2.00","3.00","4.00","430.00","0.024","0.079","29.35","69.68","269.91"
"2022/10/02 17:02","26.00","2.00","3.00","4.00","429.00","0.024","0.071","29.34","69.73","270.50"
"2022/10/02 17:03","27.00","3.00","3.00","5.00","432.00","0.023","0.075","29.34","69.67","271.20"
"2022/10/02 17:04","26.00","2.00","3.00","4.00","431.00","0.024","0.074","29.34","69.73","272.06"
"2022/10/02 17:05","26.00","4.00","3.00","4.00","428.00","0.024","0.073","29.35","69.72","272.35"
"2022/10/02 17:06","26.00","3.00","3.00","4.00","426.00","0.024","0.074","29.34","69.72","272.58"
"2022/10/02 17:07","26.00","3.00","3.00","4.00","428.00","0.025","0.083","29.35","69.63","272.86"
"2022/10/02 17:08","26.00","2.00","3.00","4.00","429.00","0.024","0.081","29.32","69.69","273.09"
"2022/10/02 17:09","26.00","3.00","3.00","4.00","431.00","0.024","0.086","29.30","69.61","273.30"
"2022/10/02 17:10","27.00","2.00","3.00","5.00","432.00","0.024","0.084","29.32","69.70","275.21"
"2022/10/02 17:11","27.00","2.00","3.00","4.00","432.00","0.024","0.087","29.32","69.60","275.97"
"2022/10/02 17:12","27.00","2.00","3.00","4.00","436.00","0.024","0.085","29.30","69.58","276.08"
"2022/10/02 17:13","27.00","2.00","3.00","5.00","437.00","0.025","0.084","29.32","69.74","276.54"
"2022/10/02 17:14","27.00","4.00","3.00","7.00","438.00","0.024","0.080","29.32","69.62","277.54"
"2022/10/02 17:15","27.00","3.00","3.00","3.00","438.00","0.025","0.088","29.32","69.60","278.39"
"2022/10/02 17:16","27.00","2.00","3.00","3.00","439.00","0.025","0.085","29.30","69.64","277.52"
"2022/10/02 17:17","27.00","3.00","3.00","3.00","439.00","0.025","0.087","29.32","69.70","276.63"
"2022/10/02 17:18","27.00","2.00","3.00","3.00","442.00","0.025","0.090","29.32","69.64","275.80"
"2022/10/02 17:19","27.00","3.00","3.00","5.00","445.00","0.024","0.088","29.31","69.50","276.36"
"2022/10/02 17:20","27.00","3.00","3.00","4.00","442.00","0.025","0.089","29.31","69.64","276.62"
"2022/10/02 17:21","27.00","2.00","3.00","4.00","441.00","0.024","0.091","29.30","69.60","276.82"
"2022/10/02 17:22","27.00","3.00","3.00","4.00","441.00","0.025","0.089","29.28","69.60","276.99"
"2022/10/02 17:23","27.00","2.00","3.00","4.00","440.00","0.025","0.091","29.28","69.57","277.06"
"2022/10/02 17:24","27.00","3.00","3.00","4.00","441.00","0.025","0.089","29.28","69.59","277.07"
"2022/10/02 17:25","27.00","2.00","3.00","4.00","442.00","0.026","0.088","29.27","69.62","277.65"
"2022/10/02 17:26","27.00","2.00","3.00","4.00","442.00","0.026","0.089","29.25","69.68","277.58"
"2022/10/02 17:27","27.00","2.00","3.00","4.00","437.00","0.027","0.091","29.24","69.71","277.42"
"2022/10/02 17:28","27.00","2.00","3.00","4.00","442.00","0.027","0.086","29.22","69.71","277.27"
"2022/10/02 17:29","27.00","3.00","3.00","4.00","446.00","0.027","0.088","29.22","69.76","277.29"
"2022/10/02 17:30","27.00","3.00","3.00","4.00","446.00","0.025","0.086","29.25","69.68","277.32"
"2022/10/02 17:31","27.00","2.00","3.00","4.00","445.00","0.026","0.089","29.27","69.65","277.40"
"2022/10/02 17:32","27.00","3.00","3.00","4.00","444.00","0.026","0.089","29.25","69.72","277.45"
"2022/10/02 17:33","27.00","2.00","3.00","4.00","445.00","0.026","0.087","29.25","69.73","277.49"
"2022/10/02 17:34","27.00","3.00","3.00","4.00","442.00","0.024","0.085","29.25","69.61","277.50"
"2022/10/02 17:35","27.00","2.00","3.00","4.00","444.00","0.025","0.081","29.27","69.65","277.54"
"2022/10/02 17:36","27.00","2.00","3.00","4.00","441.00","0.024","0.087","29.27","69.59","277.55"
"2022/10/02 17:37","27.00","2.00","3.00","4.00","444.00","0.027","0.087","29.27","69.67","277.55"
"2022/10/02 17:38","27.00","2.00","3.00","4.00","445.00","0.026","0.088","29.27","69.62","277.64"
"2022/10/02 17:39","27.00","3.00","3.00","4.00","442.00","0.026","0.084","29.28","69.70","277.70"
"2022/10/02 17:40","27.00","2.00","3.00","4.00","441.00","0.025","0.082","29.28","69.65","277.72"
"2022/10/02 17:41","27.00","2.00","3.00","4.00","440.00","0.025","0.081","29.30","69.71","277.71"
"2022/10/02 17:42","27.00","2.00","3.00","3.00","439.00","0.023","0.077","29.30","69.56","277.55"
"2022/10/02 17:43","27.00","2.00","3.00","3.00","440.00","0.024","0.084","29.27","69.57","276.93"
"2022/10/02 17:44","27.00","2.00","3.00","3.00","441.00","0.025","0.081","29.30","69.63","276.03"
"2022/10/02 17:45","27.00","3.00","3.00","3.00","443.00","0.025","0.080","29.32","69.65","275.42"
"2022/10/02 17:46","27.00","3.00","3.00","3.00","442.00","0.024","0.079","29.31","69.55","274.82"
"2022/10/02 17:47","27.00","2.00","3.00","4.00","440.00","0.025","0.078","29.32","69.61","274.71"
"2022/10/02 17:48","27.00","2.00","3.00","4.00","439.00","0.024","0.075","29.32","69.61","275.02"
"2022/10/02 17:49","27.00","2.00","3.00","3.00","441.00","0.026","0.084","29.30","69.53","274.84"
"2022/10/02 17:50","27.00","3.00","3.00","4.00","442.00","0.026","0.076","29.28","69.59","275.16"
"2022/10/02 17:51","27.00","2.00","3.00","5.00","442.00","0.024","0.078","29.30","69.58","275.83"
"2022/10/02 17:52","27.00","2.00","3.00","4.00","444.00","0.025","0.075","29.31","69.69","276.30"
"2022/10/02 17:53","27.00","2.00","3.00","4.00","446.00","0.023","0.072","29.30","69.60","276.67"
"2022/10/02 17:54","27.00","2.00","3.00","4.00","445.00","0.024","0.068","29.31","69.65","276.97"
"2022/10/02 17:55","27.00","2.00","3.00","4.00","442.00","0.024","0.071","29.30","69.65","277.21"
"2022/10/02 17:56","27.00","3.00","3.00","3.00","444.00","0.024","0.073","29.30","69.60","276.69"
"2022/10/02 17:57","27.00","2.00","3.00","4.00","446.00","0.025","0.076","29.28","69.65","276.43"
"2022/10/02 17:58","27.00","2.00","3.00","3.00","447.00","0.024","0.070","29.27","69.69","276.09"
"2022/10/02 17:59","27.00","2.00","3.00","3.00","446.00","0.024","0.075","29.31","69.55","275.51"
"2022/10/02 18:00","27.00","2.00","3.00","3.00","447.00","0.025","0.074","29.31","69.61","275.10"
"2022/10/02 18:01","27.00","2.00","3.00","3.00","445.00","0.025","0.076","29.32","69.64","274.64"
"2022/10/02 18:02","27.00","3.00","3.00","3.00","446.00","0.024","0.075","29.32","69.57","274.18"
"2022/10/02 18:03","27.00","2.00","3.00","3.00","445.00","0.025","0.079","29.34","69.60","273.83"
"2022/10/02 18:04","27.00","3.00","3.00","4.00","445.00","0.025","0.075","29.31","69.55","274.17"
"2022/10/02 18:05","27.00","2.00","3.00","3.00","445.00","0.023","0.074","29.30","69.55","274.06"
"2022/10/02 18:06","27.00","2.00","3.00","3.00","444.00","0.024","0.071","29.31","69.60","273.60"
"2022/10/02 18:07","27.00","3.00","3.00","3.00","445.00","0.025","0.070","29.30","69.63","273.20"
"2022/10/02 18:08","27.00","2.00","3.00","3.00","445.00","0.024","0.075","29.34","69.67","272.85"
"2022/10/02 18:09","27.00","2.00","3.00","3.00","446.00","0.023","0.067","29.32","69.71","272.61"
"2022/10/02 18:10","27.00","3.00","3.00","4.00","446.00","0.023","0.069","29.38","69.62","273.00"
"2022/10/02 18:11","27.00","3.00","3.00","4.00","445.00","0.023","0.067","29.35","69.58","273.67"
"2022/10/02 18:12","27.00","2.00","3.00","4.00","447.00","0.024","0.071","29.34","69.61","274.46"
"2022/10/02 18:13","27.00","2.00","3.00","3.00","447.00","0.024","0.074","29.32","69.57","274.45"
"2022/10/02 18:14","28.00","2.00","3.00","3.00","448.00","0.025","0.071","29.34","69.63","274.19"
"2022/10/02 18:15","27.00","2.00","3.00","3.00","446.00","0.024","0.078","29.35","69.57","273.98"
"2022/10/02 18:16","27.00","2.00","3.00","4.00","447.00","0.024","0.073","29.35","69.53","274.11"
"2022/10/02 18:17","27.00","3.00","3.00","4.00","446.00","0.025","0.076","29.35","69.43","274.87"
"2022/10/02 18:18","27.00","2.00","3.00","3.00","444.00","0.025","0.074","29.35","69.56","275.29"
"2022/10/02 18:19","27.00","3.00","3.00","3.00","445.00","0.025","0.082","29.34","69.61","274.85"
"2022/10/02 18:20","27.00","3.00","3.00","3.00","441.00","0.025","0.081","29.35","69.65","274.41"
"2022/10/02 18:21","27.00","3.00","3.00","3.00","444.00","0.024","0.079","29.34","69.67","273.97"
"2022/10/02 18:22","27.00","3.00","3.00","3.00","443.00","0.022","0.075","29.35","69.76","273.65"
"2022/10/02 18:23","27.00","2.00","3.00","4.00","444.00","0.022","0.076","29.37","69.67","273.90"
"2022/10/02 18:24","27.00","2.00","3.00","4.00","445.00","0.024","0.079","29.38","69.55","274.70"
"2022/10/02 18:25","27.00","2.00","3.00","4.00","445.00","0.024","0.080","29.37","69.66","275.37"
"2022/10/02 18:26","28.00","2.00","3.00","5.00","448.00","0.023","0.085","29.38","69.63","277.02"
"2022/10/02 18:27","28.00","3.00","3.00","4.00","450.00","0.024","0.081","29.37","69.67","277.94"
"2022/10/02 18:28","28.00","3.00","3.00","4.00","451.00","0.025","0.090","29.35","69.66","278.47"
"2022/10/02 18:29","27.00","3.00","3.00","5.00","446.00","0.025","0.086","29.35","69.75","279.52"
"2022/10/02 18:30","27.00","3.00","3.00","5.00","445.00","0.024","0.083","29.32","69.72","280.46"
"2022/10/02 18:31","27.00","3.00","3.00","5.00","445.00","0.024","0.080","29.32","69.79","281.28"
"2022/10/02 18:32","27.00","2.00","3.00","5.00","442.00","0.025","0.088","29.34","69.76","282.15"
"2022/10/02 18:33","27.00","2.00","3.00","4.00","443.00","0.024","0.093","29.34","69.71","282.27"
"2022/10/02 18:34","27.00","2.00","3.00","4.00","440.00","0.025","0.089","29.37","69.74","281.98"
"2022/10/02 18:35","27.00","3.00","3.00","4.00","439.00","0.024","0.082","29.34","69.76","281.68"
"2022/10/02 18:36","27.00","2.00","3.00","4.00","441.00","0.025","0.087","29.34","69.76","282.18"
"2022/10/02 18:37","27.00","2.00","3.00","4.00","443.00","0.025","0.087","29.32","69.81","281.94"
"2022/10/02 18:38","27.00","3.00","3.00","4.00","446.00","0.025","0.090","29.31","69.69","281.80"
"2022/10/02 18:39","27.00","3.00","3.00","5.00","446.00","0.025","0.087","29.32","69.87","282.00"
"2022/10/02 18:40","27.00","3.00","3.00","4.00","441.00","0.024","0.083","29.32","69.86","282.43"
"2022/10/02 18:41","27.00","3.00","3.00","4.00","438.00","0.023","0.083","29.31","69.86","281.99"
"2022/10/02 18:42","27.00","2.00","3.00","4.00","434.00","0.024","0.079","29.31","69.94","281.48"
"2022/10/02 18:43","27.00","2.00","3.00","4.00","433.00","0.024","0.085","29.32","69.95","280.94"
"2022/10/02 18:44","27.00","3.00","3.00","4.00","435.00","0.024","0.086","29.31","69.86","280.44"
"2022/10/02 18:45","27.00","2.00","3.00","4.00","441.00","0.025","0.089","29.32","69.81","280.14"
"2022/10/02 18:46","27.00","2.00","3.00","4.00","440.00","0.024","0.086","29.31","69.86","279.96"
"2022/10/02 18:47","27.00","2.00","3.00","4.00","440.00","0.024","0.085","29.34","69.99","279.82"
"2022/10/02 18:48","27.00","2.00","3.00","4.00","441.00","0.024","0.078","29.35","70.00","279.72"
"2022/10/02 18:49","27.00","2.00","3.00","4.00","439.00","0.023","0.082","29.31","69.96","279.61"
"2022/10/02 18:50","27.00","2.00","3.00","4.00","438.00","0.024","0.085","29.34","69.92","279.48"
"2022/10/02 18:51","27.00","2.00","3.00","4.00","444.00","0.024","0.076","29.34","70.04","279.37"
"2022/10/02 18:52","27.00","3.00","3.00","4.00","445.00","0.022","0.078","29.34","69.97","279.40"
"2022/10/02 18:53","27.00","3.00","3.00","4.00","447.00","0.023","0.082","29.32","69.91","279.48"
"2022/10/02 18:54","28.00","2.00","3.00","4.00","448.00","0.024","0.078","29.34","69.92","279.59"
"2022/10/02 18:55","28.00","2.00","3.00","3.00","448.00","0.025","0.083","29.32","69.95","279.19"
"2022/10/02 18:56","28.00","2.00","3.00","3.00","450.00","0.024","0.079","29.32","69.95","278.41"
"2022/10/02 18:57","28.00","3.00","3.00","3.00","448.00","0.026","0.084","29.34","69.91","277.79"
"2022/10/02 18:58","28.00","2.00","3.00","3.00","448.00","0.025","0.086","29.32","69.90","276.99"
"2022/10/02 18:59","27.00","3.00","3.00","4.00","446.00","0.026","0.087","29.35","69.97","276.53"
"2022/10/02 19:00","27.00","3.00","3.00","4.00","443.00","0.024","0.080","29.31","69.93","276.78"
"2022/10/02 19:01","27.00","2.00","3.00","4.00","441.00","0.026","0.083","29.34","69.89","277.06"
"2022/10/02 19:02","27.00","3.00","3.00","4.00","442.00","0.025","0.081","29.34","69.84","277.23"
"2022/10/02 19:03","27.00","3.00","3.00","4.00","445.00","0.024","0.078","29.34","69.96","277.43"
"2022/10/02 19:04","27.00","2.00","3.00","4.00","445.00","0.025","0.083","29.31","69.95","277.60"
"2022/10/02 19:05","27.00","3.00","3.00","4.00","445.00","0.025","0.081","29.31","69.95","277.79"
"2022/10/02 19:06","27.00","2.00","3.00","3.00","444.00","0.023","0.070","29.32","70.03","277.11"
"2022/10/02 19:07","27.00","3.00","3.00","3.00","442.00","0.024","0.080","29.30","69.90","276.27"
"2022/10/02 19:08","27.00","2.00","3.00","3.00","439.00","0.025","0.072","29.30","70.17","275.35"
"2022/10/02 19:09","27.00","3.00","3.00","3.00","441.00","0.024","0.069","29.27","70.22","274.59"
"2022/10/02 19:10","27.00","2.00","3.00","4.00","441.00","0.024","0.073","29.28","70.13","274.42"
"2022/10/02 19:11","27.00","3.00","3.00","4.00","444.00","0.024","0.074","29.27","70.13","274.63"
"2022/10/02 19:12","27.00","3.00","3.00","4.00","445.00","0.025","0.076","29.28","70.11","274.87"
"2022/10/02 19:13","27.00","2.00","3.00","4.00","447.00","0.025","0.073","29.28","70.24","275.14"
"2022/10/02 19:14","28.00","3.00","3.00","3.00","448.00","0.023","0.064","29.30","70.19","274.95"
"2022/10/02 19:15","27.00","3.00","3.00","3.00","447.00","0.023","0.072","29.28","70.16","274.35"
"2022/10/02 19:16","27.00","2.00","3.00","4.00","447.00","0.024","0.072","29.28","70.28","274.29"
"2022/10/02 19:17","27.00","2.00","3.00","4.00","443.00","0.023","0.068","29.32","70.30","274.58"
"2022/10/02 19:18","27.00","3.00","3.00","3.00","445.00","0.025","0.067","29.32","70.30","273.90"
"2022/10/02 19:19","27.00","2.00","3.00","3.00","444.00","0.023","0.064","29.32","70.31","273.29"
"2022/10/02 19:20","27.00","2.00","3.00","3.00","446.00","0.023","0.068","29.31","70.23","272.81"
"2022/10/02 19:21","27.00","2.00","3.00","3.00","446.00","0.024","0.069","29.30","70.27","272.38"
"2022/10/02 19:22","27.00","3.00","3.00","3.00","446.00","0.023","0.069","29.34","70.31","272.06"
"2022/10/02 19:23","27.00","3.00","3.00","3.00","445.00","0.023","0.068","29.31","70.19","271.68"
"2022/10/02 19:24","27.00","2.00","3.00","3.00","443.00","0.024","0.066","29.30","70.24","271.25"
"2022/10/02 19:25","27.00","2.00","3.00","3.00","443.00","0.025","0.062","29.28","70.41","270.89"
"2022/10/02 19:26","27.00","2.00","3.00","3.00","443.00","0.023","0.062","29.28","70.38","270.46"
"2022/10/02 19:27","27.00","3.00","3.00","3.00","441.00","0.023","0.066","29.28","70.37","269.95"
"2022/10/02 19:28","27.00","2.00","3.00","3.00","441.00","0.023","0.061","29.31","70.39","269.64"
"2022/10/02 19:29","27.00","3.00","3.00","3.00","442.00","0.023","0.059","29.28","70.44","269.33"
"2022/10/02 19:30","27.00","2.00","3.00","3.00","443.00","0.021","0.064","29.31","70.30","269.91"
"2022/10/02 19:31","27.00","2.00","3.00","3.00","444.00","0.023","0.065","29.34","70.37","269.69"
"2022/10/02 19:32","28.00","2.00","3.00","3.00","448.00","0.023","0.065","29.34","70.43","269.53"
"2022/10/02 19:33","27.00","2.00","3.00","3.00","444.00","0.023","0.065","29.31","70.34","269.38"
"2022/10/02 19:34","27.00","3.00","3.00","3.00","444.00","0.025","0.060","29.32","70.75","269.14"
"2022/10/02 19:35","27.00","3.00","3.00","3.00","443.00","0.021","0.057","29.32","70.62","268.89"
"2022/10/02 19:36","27.00","2.00","3.00","3.00","443.00","0.023","0.056","29.30","70.51","268.69"
"2022/10/02 19:37","27.00","3.00","3.00","3.00","442.00","0.022","0.060","29.30","70.45","268.49"
"2022/10/02 19:38","27.00","2.00","3.00","3.00","441.00","0.023","0.053","29.30","70.64","268.23"
"2022/10/02 19:39","27.00","2.00","3.00","3.00","442.00","0.020","0.051","29.30","70.69","267.94"
"2022/10/02 19:40","27.00","2.00","3.00","3.00","445.00","0.020","0.057","29.32","70.62","267.83"
"2022/10/02 19:41","27.00","2.00","3.00","3.00","443.00","0.021","0.053","29.34","70.60","267.69"
"2022/10/02 19:42","27.00","2.00","3.00","3.00","442.00","0.023","0.052","29.31","70.64","267.55"
"2022/10/02 19:43","27.00","3.00","3.00","3.00","442.00","0.019","0.047","29.28","70.78","267.35"
"2022/10/02 19:44","27.00","3.00","3.00","3.00","443.00","0.020","0.047","29.30","70.78","267.21"
"2022/10/02 19:45","27.00","3.00","3.00","4.00","440.00","0.020","0.051","29.30","70.67","267.22"
"2022/10/02 19:46","27.00","3.00","3.00","4.00","437.00","0.021","0.054","29.32","70.74","267.97"
"2022/10/02 19:47","27.00","2.00","3.00","4.00","435.00","0.021","0.052","29.31","70.72","268.59"
"2022/10/02 19:48","27.00","2.00","3.00","4.00","434.00","0.020","0.043","29.32","70.90","269.00"
"2022/10/02 19:49","27.00","3.00","3.00","4.00","437.00","0.020","0.046","29.32","70.73","269.50"
"2022/10/02 19:50","27.00","3.00","3.00","4.00","437.00","0.020","0.052","29.30","70.73","270.37"
"2022/10/02 19:51","27.00","2.00","3.00","4.00","437.00","0.021","0.047","29.31","70.82","270.77"
"2022/10/02 19:52","27.00","3.00","3.00","4.00","438.00","0.020","0.049","29.27","70.85","271.00"
"2022/10/02 19:53","27.00","3.00","3.00","4.00","439.00","0.021","0.043","29.28","70.88","271.34"
"2022/10/02 19:54","27.00","3.00","3.00","4.00","443.00","0.020","0.046","29.30","70.91","271.62"
"2022/10/02 19:55","27.00","2.00","3.00","3.00","443.00","0.020","0.047","29.30","70.89","271.80"
"2022/10/02 19:56","27.00","3.00","3.00","3.00","441.00","0.021","0.045","29.28","70.90","271.13"
"2022/10/02 19:57","27.00","2.00","3.00","3.00","438.00","0.021","0.043","29.30","71.01","270.47"
"2022/10/02 19:58","27.00","3.00","3.00","4.00","434.00","0.020","0.044","29.34","71.00","269.96"
"2022/10/02 19:59","27.00","2.00","3.00","4.00","433.00","0.020","0.035","29.32","71.29","270.20"
"2022/10/02 20:00","27.00","3.00","3.00","4.00","434.00","0.018","0.040","29.32","70.90","270.47"
"2022/10/02 20:01","27.00","3.00","3.00","4.00","437.00","0.021","0.041","29.31","71.01","270.82"
"2022/10/02 20:02","27.00","3.00","3.00","4.00","439.00","0.020","0.040","29.31","71.13","271.14"
"2022/10/02 20:03","27.00","2.00","3.00","4.00","441.00","0.019","0.038","29.30","71.20","271.49"
"2022/10/02 20:04","27.00","3.00","3.00","3.00","439.00","0.019","0.035","29.30","71.13","271.11"
"2022/10/02 20:05","27.00","3.00","3.00","3.00","439.00","0.020","0.041","29.30","71.04","270.44"
"2022/10/02 20:06","27.00","2.00","3.00","3.00","437.00","0.020","0.037","29.32","71.27","269.84"
"2022/10/02 20:07","27.00","2.00","3.00","3.00","437.00","0.020","0.039","29.31","71.18","269.19"
"2022/10/02 20:08","27.00","2.00","3.00","3.00","436.00","0.019","0.032","29.30","71.37","268.56"
"2022/10/02 20:09","27.00","2.00","3.00","3.00","441.00","0.018","0.035","29.32","71.18","268.18"
"2022/10/02 20:10","27.00","2.00","3.00","3.00","443.00","0.019","0.032","29.32","71.43","267.83"
"2022/10/02 20:11","27.00","3.00","3.00","3.00","440.00","0.018","0.027","29.37","71.48","267.50"
"2022/10/02 20:12","27.00","3.00","3.00","3.00","438.00","0.017","0.032","29.34","71.29","267.15"
"2022/10/02 20:13","27.00","2.00","3.00","3.00","437.00","0.019","0.030","29.35","71.52","266.89"
"2022/10/02 20:14","27.00","2.00","3.00","3.00","439.00","0.016","0.022","29.32","71.44","266.53"
"2022/10/02 20:15","27.00","3.00","3.00","3.00","437.00","0.018","0.026","29.32","71.43","266.17"
"2022/10/02 20:16","27.00","2.00","3.00","3.00","435.00","0.019","0.027","29.34","71.55","265.82"
"2022/10/02 20:17","27.00","3.00","3.00","3.00","435.00","0.017","0.030","29.32","71.49","265.52"
"2022/10/02 20:18","27.00","2.00","3.00","3.00","433.00","0.018","0.027","29.32","71.54","265.12"
"2022/10/02 20:19","27.00","3.00","3.00","3.00","435.00","0.017","0.021","29.34","71.59","264.80"
"2022/10/02 20:20","27.00","2.00","3.00","4.00","432.00","0.017","0.024","29.34","71.59","265.16"
"2022/10/02 20:21","26.00","3.00","3.00","3.00","430.00","0.017","0.022","29.35","71.65","264.76"
"2022/10/02 20:22","26.00","2.00","3.00","3.00","426.00","0.017","0.022","29.32","71.78","264.32"
"2022/10/02 20:23","26.00","3.00","3.00","3.00","424.00","0.017","0.020","29.31","71.63","263.86"
"2022/10/02 20:24","26.00","3.00","3.00","3.00","428.00","0.019","0.021","29.32","71.66","263.39"
"2022/10/02 20:25","26.00","3.00","3.00","3.00","429.00","0.017","0.026","29.32","71.57","263.03"
"2022/10/02 20:26","26.00","2.00","3.00","3.00","431.00","0.019","0.023","29.30","71.75","262.71"
"2022/10/02 20:27","26.00","3.00","3.00","3.00","430.00","0.017","0.021","29.30","71.75","262.45"
"2022/10/02 20:28","26.00","2.00","3.00","3.00","427.00","0.017","0.020","29.30","71.80","262.02"
"2022/10/02 20:29","26.00","2.00","3.00","4.00","428.00","0.017","0.025","29.28","71.76","261.97"
"2022/10/02 20:30","26.00","2.00","3.00","3.00","428.00","0.019","0.020","29.28","71.86","261.59"
"2022/10/02 20:31","26.00","2.00","3.00","3.00","429.00","0.017","0.023","29.30","71.84","261.29"
"2022/10/02 20:32","26.00","2.00","3.00","3.00","427.00","0.016","0.020","29.30","71.95","260.99"
"2022/10/02 20:33","26.00","2.00","3.00","3.00","426.00","0.017","0.020","29.30","71.90","260.69"
"2022/10/02 20:34","26.00","2.00","3.00","3.00","426.00","0.016","0.020","29.31","71.88","260.43"
"2022/10/02 20:35","26.00","3.00","3.00","3.00","426.00","0.017","0.020","29.28","72.04","260.14"
"2022/10/02 20:36","26.00","3.00","3.00","3.00","425.00","0.016","0.020","29.31","71.97","259.85"
"2022/10/02 20:37","26.00","2.00","3.00","3.00","428.00","0.017","0.020","29.28","72.01","259.58"
"2022/10/02 20:38","26.00","3.00","3.00","4.00","430.00","0.017","0.020","29.27","72.05","259.56"
"2022/10/02 20:39","26.00","3.00","3.00","5.00","427.00","0.016","0.020","29.30","72.06","261.03"
"2022/10/02 20:40","26.00","2.00","3.00","4.00","427.00","0.016","0.020","29.31","72.09","261.71"
"2022/10/02 20:41","26.00","2.00","3.00","4.00","426.00","0.016","0.020","29.30","72.05","262.19"
"2022/10/02 20:42","26.00","2.00","3.00","3.00","428.00","0.017","0.020","29.31","72.19","262.69"
"2022/10/02 20:43","26.00","2.00","3.00","3.00","426.00","0.015","0.020","29.32","72.13","262.26"
"2022/10/02 20:44","26.00","2.00","3.00","3.00","423.00","0.016","0.020","29.34","72.15","261.77"
"2022/10/02 20:45","26.00","2.00","3.00","3.00","422.00","0.016","0.020","29.32","72.24","261.19"
"2022/10/02 20:46","26.00","3.00","3.00","3.00","425.00","0.015","0.020","29.32","72.27","260.74"
"2022/10/02 20:47","26.00","2.00","3.00","3.00","423.00","0.016","0.020","29.31","72.29","260.41"
"2022/10/02 20:48","26.00","2.00","3.00","3.00","423.00","0.014","0.020","29.32","72.36","260.03"
"2022/10/02 20:49","26.00","3.00","3.00","3.00","422.00","0.015","0.020","29.34","72.25","259.73"
"2022/10/02 20:50","26.00","2.00","3.00","3.00","423.00","0.016","0.020","29.32","72.25","259.48"
"2022/10/02 20:51","26.00","2.00","3.00","3.00","420.00","0.016","0.020","29.35","72.33","259.20"
"2022/10/02 20:52","26.00","2.00","3.00","3.00","418.00","0.015","0.020","29.35","72.26","258.86"
"2022/10/02 20:53","26.00","3.00","3.00","4.00","419.00","0.015","0.020","29.34","72.35","259.26"
"2022/10/02 20:54","26.00","2.00","3.00","4.00","419.00","0.016","0.020","29.32","72.21","259.99"
"2022/10/02 20:55","26.00","2.00","3.00","4.00","417.00","0.016","0.020","29.34","72.18","260.49"
"2022/10/02 20:56","25.00","2.00","3.00","3.00","415.00","0.016","0.020","29.32","72.35","259.91"
"2022/10/02 20:57","25.00","3.00","3.00","3.00","414.00","0.016","0.020","29.34","72.23","259.37"
"2022/10/02 20:58","25.00","2.00","3.00","4.00","414.00","0.015","0.020","29.35","72.33","259.46"
"2022/10/02 20:59","25.00","3.00","3.00","3.00","413.00","0.015","0.020","29.35","72.33","259.57"
"2022/10/02 21:00","25.00","3.00","3.00","3.00","415.00","0.016","0.020","29.37","72.30","259.16"
"2022/10/02 21:01","26.00","2.00","3.00","3.00","416.00","0.016","0.020","29.34","72.26","258.75"
"2022/10/02 21:02","26.00","2.00","3.00","3.00","418.00","0.017","0.020","29.34","72.36","258.38"
"2022/10/02 21:03","26.00","2.00","3.00","3.00","416.00","0.017","0.020","29.35","72.37","258.09"
"2022/10/02 21:04","26.00","2.00","3.00","3.00","416.00","0.015","0.020","29.37","72.35","258.29"
"2022/10/02 21:05","26.00","2.00","3.00","4.00","420.00","0.016","0.020","29.37","72.32","258.72"
"2022/10/02 21:06","25.00","1.00","3.00","4.00","414.00","0.016","0.020","29.37","72.54","259.39"
"2022/10/02 21:07","25.00","2.00","3.00","4.00","413.00","0.016","0.020","29.37","72.48","259.82"
"2022/10/02 21:08","26.00","3.00","3.00","4.00","416.00","0.016","0.020","29.34","72.51","260.29"
"2022/10/02 21:09","26.00","2.00","3.00","4.00","418.00","0.016","0.020","29.35","72.57","260.70"
"2022/10/02 21:10","26.00","2.00","3.00","3.00","420.00","0.016","0.020","29.34","72.65","260.63"
"2022/10/02 21:11","26.00","2.00","3.00","3.00","421.00","0.016","0.020","29.34","72.70","260.20"
"2022/10/02 21:12","26.00","3.00","3.00","3.00","419.00","0.014","0.020","29.31","72.65","259.65"
"2022/10/02 21:13","26.00","2.00","3.00","3.00","419.00","0.016","0.020","29.32","72.64","259.16"
"2022/10/02 21:14","26.00","2.00","3.00","3.00","420.00","0.016","0.020","29.34","72.70","258.71"
"2022/10/02 21:15","26.00","3.00","3.00","3.00","421.00","0.015","0.020","29.32","72.72","258.34"
"2022/10/02 21:16","26.00","3.00","3.00","3.00","422.00","0.015","0.020","29.32","72.75","258.00"
"2022/10/02 21:17","26.00","2.00","3.00","3.00","421.00","0.016","0.020","29.34","72.84","257.68"
"2022/10/02 21:18","26.00","2.00","3.00","3.00","424.00","0.014","0.020","29.34","72.81","257.44"
"2022/10/02 21:19","26.00","3.00","3.00","3.00","424.00","0.015","0.020","29.37","72.84","257.25"
"2022/10/02 21:20","26.00","2.00","3.00","3.00","425.00","0.015","0.020","29.32","72.86","257.14"
"2022/10/02 21:21","26.00","3.00","3.00","3.00","426.00","0.015","0.020","29.32","72.85","257.03"
"2022/10/02 21:22","26.00","2.00","3.00","3.00","423.00","0.016","0.020","29.31","72.91","256.87"
"2022/10/02 21:23","26.00","2.00","3.00","3.00","422.00","0.015","0.020","29.35","72.93","256.70"
"2022/10/02 21:24","26.00","3.00","3.00","4.00","421.00","0.014","0.020","29.35","72.81","257.41"
"2022/10/02 21:25","26.00","2.00","3.00","4.00","421.00","0.015","0.020","29.35","72.87","258.24"
"2022/10/02 21:26","26.00","2.00","3.00","3.00","418.00","0.015","0.020","29.34","73.00","258.32"
"2022/10/02 21:27","26.00","3.00","3.00","3.00","418.00","0.014","0.020","29.35","72.91","257.96"
"2022/10/02 21:28","26.00","3.00","3.00","3.00","418.00","0.015","0.020","29.32","72.99","257.51"
"2022/10/02 21:29","26.00","2.00","3.00","3.00","421.00","0.015","0.020","29.35","72.96","257.20"
"2022/10/02 21:30","26.00","2.00","3.00","3.00","418.00","0.015","0.020","29.31","73.01","256.87"
"2022/10/02 21:31","26.00","2.00","3.00","3.00","418.00","0.014","0.020","29.34","73.00","256.60"
"2022/10/02 21:32","26.00","3.00","3.00","3.00","421.00","0.015","0.020","29.32","73.00","256.33"
"2022/10/02 21:33","26.00","3.00","3.00","3.00","419.00","0.015","0.020","29.32","73.10","256.06"
"2022/10/02 21:34","25.00","2.00","3.00","3.00","415.00","0.015","0.020","29.32","73.21","255.76"
"2022/10/02 21:35","26.00","2.00","3.00","3.00","416.00","0.014","0.020","29.34","73.12","256.06"
"2022/10/02 21:36","26.00","2.00","3.00","3.00","419.00","0.014","0.020","29.30","73.12","255.71"
"2022/10/02 21:37","26.00","2.00","3.00","3.00","418.00","0.015","0.020","29.31","73.15","255.43"
"2022/10/02 21:38","26.00","2.00","3.00","3.00","416.00","0.015","0.020","29.31","73.14","255.07"
"2022/10/02 21:39","25.00","3.00","3.00","3.00","414.00","0.015","0.020","29.30","73.12","254.66"
"2022/10/02 21:40","25.00","2.00","3.00","3.00","415.00","0.015","0.020","29.31","73.14","254.34"
"2022/10/02 21:41","26.00","2.00","3.00","3.00","416.00","0.015","0.020","29.31","73.17","253.99"
"2022/10/02 21:42","26.00","3.00","3.00","3.00","417.00","0.016","0.020","29.31","73.19","253.74"
"2022/10/02 21:43","25.00","2.00","3.00","3.00","414.00","0.015","0.020","29.31","73.15","253.51"
"2022/10/02 21:44","25.00","2.00","3.00","3.00","413.00","0.014","0.020","29.30","73.14","253.21"
"2022/10/02 21:45","25.00","2.00","3.00","3.00","413.00","0.015","0.020","29.32","73.21","252.97"
"2022/10/02 21:46","25.00","2.00","3.00","3.00","412.00","0.015","0.020","29.31","73.29","252.70"
"2022/10/02 21:47","25.00","2.00","3.00","3.00","414.00","0.015","0.020","29.30","73.23","252.47"
"2022/10/02 21:48","25.00","2.00","3.00","3.00","414.00","0.015","0.020","29.28","73.23","252.30"
"2022/10/02 21:49","26.00","1.00","2.00","2.00","416.00","0.016","0.020","29.27","73.30","251.88"
"2022/10/02 21:50","26.00","3.00","2.00","2.00","419.00","0.015","0.020","29.28","73.23","250.75"
"2022/10/02 21:51","26.00","2.00","2.00","2.00","422.00","0.015","0.020","29.28","73.27","249.98"
"2022/10/02 21:52","26.00","2.00","2.00","2.00","422.00","0.016","0.020","29.27","73.31","249.14"
"2022/10/02 21:53","26.00","2.00","2.00","2.00","424.00","0.016","0.020","29.28","73.26","248.37"
"2022/10/02 21:54","26.00","2.00","2.00","2.00","427.00","0.016","0.020","29.28","73.23","247.74"
"2022/10/02 21:55","26.00","3.00","2.00","2.00","426.00","0.015","0.020","29.25","73.24","247.30"
"2022/10/02 21:56","26.00","2.00","2.00","5.00","426.00","0.016","0.020","29.28","73.26","248.53"
"2022/10/02 21:57","26.00","2.00","2.00","3.00","423.00","0.016","0.020","29.27","73.26","249.72"
"2022/10/02 21:58","26.00","2.00","2.00","3.00","421.00","0.015","0.020","29.28","73.26","249.93"
"2022/10/02 21:59","26.00","2.00","2.00","3.00","423.00","0.015","0.020","29.28","73.23","250.11"
"2022/10/02 22:00","26.00","2.00","2.00","3.00","421.00","0.013","0.020","29.28","73.17","250.31"
"2022/10/02 22:01","26.00","2.00","2.00","3.00","421.00","0.014","0.020","29.27","73.23","250.46"
"2022/10/02 22:02","26.00","2.00","2.00","4.00","420.00","0.015","0.020","29.30","73.13","250.97"
"2022/10/02 22:03","26.00","2.00","2.00","4.00","418.00","0.014","0.020","29.30","73.15","251.86"
"2022/10/02 22:04","26.00","3.00","2.00","4.00","420.00","0.014","0.020","29.25","73.15","252.92"
"2022/10/02 22:05","26.00","1.00","2.00","3.00","420.00","0.014","0.020","29.27","73.21","252.94"
"2022/10/02 22:06","26.00","2.00","2.00","2.00","417.00","0.013","0.020","29.28","73.23","251.74"
"2022/10/02 22:07","25.00","2.00","2.00","2.00","415.00","0.014","0.020","29.27","73.20","250.66"
"2022/10/02 22:08","26.00","2.00","2.00","2.00","418.00","0.013","0.020","29.28","73.14","249.64"
"2022/10/02 22:09","26.00","2.00","2.00","2.00","416.00","0.015","0.020","29.27","73.16","248.73"
"2022/10/02 22:10","25.00","2.00","2.00","2.00","414.00","0.015","0.020","29.27","73.15","247.82"
"2022/10/02 22:11","25.00","2.00","2.00","2.00","415.00","0.015","0.020","29.28","73.09","247.04"
"2022/10/02 22:12","26.00","2.00","2.00","3.00","416.00","0.014","0.020","29.28","73.07","247.30"
"2022/10/02 22:13","26.00","2.00","2.00","3.00","418.00","0.013","0.020","29.28","73.08","247.61"
"2022/10/02 22:14","26.00","2.00","2.00","3.00","416.00","0.015","0.020","29.27","73.08","247.90"
"2022/10/02 22:15","25.00","2.00","2.00","3.00","415.00","0.014","0.020","29.28","73.06","248.08"
"2022/10/02 22:16","26.00","3.00","2.00","3.00","416.00","0.015","0.020","29.27","73.03","248.26"
"2022/10/02 22:17","26.00","3.00","2.00","3.00","417.00","0.015","0.020","29.25","73.01","248.51"
"2022/10/02 22:18","26.00","3.00","2.00","3.00","419.00","0.014","0.020","29.25","73.03","248.67"
"2022/10/02 22:19","26.00","1.00","2.00","3.00","419.00","0.013","0.020","29.25","73.02","248.85"
"2022/10/02 22:20","26.00","1.00","2.00","3.00","419.00","0.012","0.020","29.30","72.98","249.10"
"2022/10/02 22:21","26.00","2.00","2.00","3.00","417.00","0.012","0.020","29.30","72.89","249.36"
"2022/10/02 22:22","26.00","1.00","2.00","3.00","416.00","0.012","0.020","29.28","72.86","249.47"
"2022/10/02 22:23","26.00","3.00","2.00","3.00","417.00","0.012","0.020","29.27","72.84","249.61"
"2022/10/02 22:24","26.00","2.00","2.00","3.00","416.00","0.012","0.020","29.25","72.82","249.70"
"2022/10/02 22:25","26.00","3.00","2.00","3.00","416.00","0.013","0.020","29.25","72.85","249.81"
"2022/10/02 22:26","26.00","2.00","2.00","3.00","418.00","0.012","0.020","29.28","72.79","249.90"
"2022/10/02 22:27","26.00","1.00","2.00","3.00","419.00","0.012","0.020","29.25","72.77","250.04"
"2022/10/02 22:28","26.00","2.00","2.00","3.00","420.00","0.012","0.020","29.28","72.70","250.26"
"2022/10/02 22:29","26.00","2.00","2.00","3.00","418.00","0.012","0.020","29.28","72.72","250.45"
"2022/10/02 22:30","26.00","3.00","2.00","3.00","418.00","0.012","0.020","29.25","72.66","250.55"
"2022/10/02 22:31","26.00","3.00","2.00","3.00","417.00","0.013","0.020","29.25","72.66","251.11"
"2022/10/02 22:32","25.00","1.00","2.00","2.00","413.00","0.013","0.020","29.24","72.72","250.82"
"2022/10/02 22:33","25.00","2.00","2.00","2.00","412.00","0.015","0.020","29.24","72.63","249.68"
"2022/10/02 22:34","25.00","2.00","2.00","2.00","413.00","0.013","0.020","29.24","72.70","248.62"
"2022/10/02 22:35","25.00","2.00","2.00","2.00","414.00","0.013","0.020","29.22","72.64","247.64"
"2022/10/02 22:36","25.00","2.00","2.00","2.00","415.00","0.014","0.020","29.25","72.66","246.85"
"2022/10/02 22:37","25.00","2.00","2.00","2.00","413.00","0.014","0.020","29.22","72.61","246.04"
"2022/10/02 22:38","26.00","3.00","2.00","2.00","416.00","0.015","0.020","29.21","72.57","245.46"
"2022/10/02 22:39","26.00","2.00","2.00","2.00","418.00","0.013","0.020","29.20","72.60","244.85"
"2022/10/02 22:40","26.00","1.00","2.00","2.00","419.00","0.014","0.020","29.20","72.58","244.38"
"2022/10/02 22:41","26.00","2.00","2.00","2.00","418.00","0.012","0.020","29.20","72.51","243.94"
"2022/10/02 22:42","26.00","2.00","2.00","2.00","421.00","0.013","0.020","29.22","72.46","243.68"
"2022/10/02 22:43","26.00","2.00","2.00","2.00","422.00","0.012","0.020","29.25","72.48","243.48"
"2022/10/02 22:44","26.00","2.00","2.00","3.00","419.00","0.012","0.020","29.24","72.42","243.90"
"2022/10/02 22:45","26.00","2.00","2.00","3.00","418.00","0.013","0.020","29.22","72.42","244.49"
"2022/10/02 22:46","26.00","1.00","2.00","3.00","419.00","0.012","0.020","29.20","72.31","245.14"
"2022/10/02 22:47","26.00","2.00","2.00","3.00","418.00","0.012","0.020","29.21","72.29","245.70"
"2022/10/02 22:48","26.00","2.00","2.00","3.00","423.00","0.012","0.020","29.21","72.27","246.34"
"2022/10/02 22:49","26.00","2.00","2.00","3.00","423.00","0.013","0.020","29.25","72.29","246.88"
"2022/10/02 22:50","26.00","2.00","2.00","3.00","422.00","0.012","0.020","29.22","72.16","247.47"
"2022/10/02 22:51","26.00","1.00","2.00","3.00","421.00","0.012","0.020","29.22","72.16","247.96"
"2022/10/02 22:52","26.00","2.00","2.00","3.00","420.00","0.012","0.020","29.25","72.16","248.40"
"2022/10/02 22:53","26.00","2.00","2.00","2.00","420.00","0.011","0.020","29.24","72.09","248.28"
"2022/10/02 22:54","26.00","3.00","2.00","2.00","421.00","0.011","0.020","29.25","72.03","247.79"
"2022/10/02 22:55","26.00","2.00","2.00","2.00","420.00","0.011","0.020","29.25","71.95","247.38"
"2022/10/02 22:56","26.00","1.00","2.00","2.00","421.00","0.011","0.020","29.25","71.98","247.06"
"2022/10/02 22:57","26.00","2.00","2.00","2.00","417.00","0.011","0.020","29.27","71.95","246.69"
"2022/10/02 22:58","26.00","2.00","2.00","3.00","419.00","0.011","0.020","29.24","71.91","246.48"
"2022/10/02 22:59","26.00","2.00","2.00","3.00","419.00","0.012","0.020","29.24","71.88","247.16"
"2022/10/02 23:00","26.00","1.00","2.00","3.00","418.00","0.011","0.020","29.25","71.84","247.65"
"2022/10/02 23:01","26.00","2.00","2.00","3.00","417.00","0.011","0.020","29.24","71.84","248.15"
"2022/10/02 23:02","26.00","2.00","2.00","3.00","418.00","0.012","0.020","29.22","71.85","248.63"
"2022/10/02 23:03","26.00","3.00","2.00","3.00","416.00","0.011","0.020","29.22","71.85","249.04"
"2022/10/02 23:04","26.00","2.00","2.00","3.00","416.00","0.011","0.020","29.25","71.84","249.34"
"2022/10/02 23:05","26.00","2.00","2.00","3.00","418.00","0.012","0.020","29.25","71.83","249.71"
"2022/10/02 23:06","26.00","2.00","2.00","3.00","418.00","0.012","0.020","29.25","71.83","250.02"
"2022/10/02 23:07","26.00","2.00","2.00","3.00","420.00","0.012","0.020","29.25","71.82","250.40"
"2022/10/02 23:08","26.00","2.00","2.00","3.00","420.00","0.010","0.020","29.25","71.77","250.79"
"2022/10/02 23:09","26.00","2.00","2.00","4.00","419.00","0.011","0.020","29.25","71.77","251.42"
"2022/10/02 23:10","25.00","2.00","2.00","2.00","415.00","0.011","0.020","29.25","71.73","251.11"
"2022/10/02 23:11","25.00","3.00","2.00","2.00","415.00","0.011","0.020","29.24","71.74","250.31"
"2022/10/02 23:12","25.00","2.00","2.00","3.00","413.00","0.012","0.020","29.22","71.75","250.02"
"2022/10/02 23:13","26.00","2.00","2.00","3.00","416.00","0.011","0.020","29.24","71.73","250.30"
"2022/10/02 23:14","26.00","2.00","2.00","3.00","416.00","0.011","0.020","29.25","71.77","250.54"
"2022/10/02 23:15","26.00","1.00","2.00","3.00","416.00","0.012","0.020","29.24","71.74","250.77"
"2022/10/02 23:16","25.00","2.00","2.00","3.00","415.00","0.012","0.020","29.24","71.74","250.87"
"2022/10/02 23:17","26.00","2.00","2.00","3.00","418.00","0.012","0.020","29.21","71.77","251.00"
"2022/10/02 23:18","26.00","2.00","2.00","3.00","417.00","0.011","0.020","29.21","71.77","251.16"
"2022/10/02 23:19","25.00","2.00","2.00","3.00","414.00","0.012","0.020","29.21","71.78","251.23"
"2022/10/02 23:20","25.00","2.00","2.00","3.00","414.00","0.011","0.020","29.22","71.78","251.21"
"2022/10/02 23:21","26.00","2.00","2.00","3.00","416.00","0.011","0.020","29.20","71.77","251.21"
"2022/10/02 23:22","26.00","2.00","2.00","3.00","418.00","0.012","0.020","29.18","71.75","251.26"
"2022/10/02 23:23","26.00","2.00","2.00","3.00","419.00","0.011","0.020","29.18","71.83","251.29"
"2022/10/02 23:24","26.00","2.00","2.00","3.00","419.00","0.011","0.020","29.20","71.80","251.35"
"2022/10/02 23:25","26.00","1.00","2.00","2.00","419.00","0.011","0.020","29.20","71.79","251.25"
"2022/10/02 23:26","26.00","2.00","2.00","2.00","418.00","0.011","0.020","29.22","71.68","250.36"
"2022/10/02 23:27","26.00","2.00","2.00","2.00","416.00","0.011","0.020","29.21","71.67","249.52"
"2022/10/02 23:28","26.00","2.00","2.00","2.00","416.00","0.011","0.020","29.21","71.73","248.71"
"2022/10/02 23:29","26.00","2.00","2.00","2.00","416.00","0.011","0.020","29.22","71.75","247.99"
"2022/10/02 23:30","26.00","2.00","2.00","2.00","416.00","0.011","0.020","29.21","71.67","247.46"
"2022/10/02 23:31","26.00","2.00","2.00","2.00","419.00","0.011","0.020","29.20","71.67","246.89"
"2022/10/02 23:32","26.00","2.00","2.00","2.00","417.00","0.011","0.020","29.21","71.67","246.42"
"2022/10/02 23:33","26.00","2.00","2.00","2.00","416.00","0.011","0.020","29.20","71.67","246.00"
"2022/10/02 23:34","26.00","2.00","2.00","2.00","416.00","0.011","0.020","29.21","71.66","245.52"
"2022/10/02 23:35","25.00","1.00","2.00","2.00","414.00","0.012","0.020","29.20","71.71","245.06"
"2022/10/02 23:36","25.00","2.00","2.00","2.00","415.00","0.011","0.020","29.17","71.64","244.58"
"2022/10/02 23:37","26.00","2.00","2.00","2.00","416.00","0.012","0.020","29.20","71.68","244.25"
"2022/10/02 23:38","26.00","2.00","2.00","2.00","419.00","0.012","0.020","29.20","71.67","243.95"
"2022/10/02 23:39","26.00","2.00","2.00","2.00","417.00","0.012","0.020","29.20","71.70","244.36"
"2022/10/02 23:40","26.00","1.00","2.00","2.00","416.00","0.011","0.020","29.18","71.64","244.11"
"2022/10/02 23:41","26.00","2.00","2.00","2.00","416.00","0.012","0.020","29.20","71.60","243.81"
"2022/10/02 23:42","26.00","2.00","2.00","2.00","418.00","0.012","0.020","29.17","71.60","243.58"
"2022/10/02 23:43","26.00","2.00","2.00","2.00","420.00","0.012","0.020","29.18","71.57","243.45"
"2022/10/02 23:44","26.00","2.00","2.00","2.00","419.00","0.012","0.020","29.20","71.58","243.33"
"2022/10/02 23:45","26.00","2.00","2.00","2.00","418.00","0.011","0.020","29.17","71.60","243.18"
"2022/10/02 23:46","26.00","2.00","2.00","2.00","418.00","0.012","0.020","29.20","71.50","243.07"
"2022/10/02 23:47","26.00","1.00","2.00","2.00","416.00","0.012","0.020","29.22","71.52","242.92"
"2022/10/02 23:48","26.00","3.00","2.00","2.00","417.00","0.013","0.020","29.20","71.56","242.74"
"2022/10/02 23:49","26.00","3.00","2.00","2.00","419.00","0.013","0.020","29.20","71.51","242.58"
"2022/10/02 23:50","26.00","2.00","2.00","2.00","420.00","0.013","0.020","29.18","71.56","242.49"
"2022/10/02 23:51","26.00","1.00","2.00","2.00","421.00","0.013","0.020","29.17","71.58","242.44"
"2022/10/02 23:52","26.00","2.00","2.00","2.00","420.00","0.013","0.020","29.17","71.60","242.35"
"2022/10/02 23:53","26.00","2.00","2.00","2.00","421.00","0.013","0.020","29.17","71.60","242.28"
"2022/10/02 23:54","26.00","2.00","2.00","2.00","421.00","0.013","0.020","29.17","71.51","242.24"
"2022/10/02 23:55","26.00","1.00","2.00","2.00","424.00","0.012","0.020","29.16","71.53","242.21"
"2022/10/02 23:56","26.00","2.00","2.00","2.00","421.00","0.013","0.020","29.18","71.51","242.22"
"2022/10/02 23:57","26.00","1.00","2.00","2.00","421.00","0.012","0.020","29.17","71.51","242.20"
"2022/10/02 23:58","26.00","2.00","2.00","2.00","421.00","0.012","0.020","29.16","71.48","242.17"
"2022/10/02 23:59","26.00","2.00","2.00","2.00","422.00","0.012","0.020","29.22","71.46","242.26"
